-- phpMyAdmin SQL Dump
-- version 4.8.3
-- https://www.phpmyadmin.net/
--
-- Host: 127.0.0.1
-- Generation Time: Oct 31, 2018 at 06:20 AM
-- Server version: 10.1.35-MariaDB
-- PHP Version: 7.1.11

SET SQL_MODE = "NO_AUTO_VALUE_ON_ZERO";
SET AUTOCOMMIT = 0;
START TRANSACTION;
SET time_zone = "+00:00";


/*!40101 SET @OLD_CHARACTER_SET_CLIENT=@@CHARACTER_SET_CLIENT */;
/*!40101 SET @OLD_CHARACTER_SET_RESULTS=@@CHARACTER_SET_RESULTS */;
/*!40101 SET @OLD_COLLATION_CONNECTION=@@COLLATION_CONNECTION */;
/*!40101 SET NAMES utf8mb4 */;

--
-- Database: `eapi`
--

-- --------------------------------------------------------

--
-- Table structure for table `migrations`
--

CREATE TABLE `migrations` (
  `id` int(10) UNSIGNED NOT NULL,
  `migration` varchar(191) COLLATE utf8mb4_unicode_ci NOT NULL,
  `batch` int(11) NOT NULL
) ENGINE=InnoDB DEFAULT CHARSET=utf8mb4 COLLATE=utf8mb4_unicode_ci;

--
-- Dumping data for table `migrations`
--

INSERT INTO `migrations` (`id`, `migration`, `batch`) VALUES
(1, '2014_10_12_000000_create_users_table', 1),
(2, '2014_10_12_100000_create_password_resets_table', 1),
(3, '2018_10_30_114753_create_products_table', 1),
(4, '2018_10_30_114842_create_reviews_table', 1);

-- --------------------------------------------------------

--
-- Table structure for table `password_resets`
--

CREATE TABLE `password_resets` (
  `email` varchar(191) COLLATE utf8mb4_unicode_ci NOT NULL,
  `token` varchar(191) COLLATE utf8mb4_unicode_ci NOT NULL,
  `created_at` timestamp NULL DEFAULT NULL
) ENGINE=InnoDB DEFAULT CHARSET=utf8mb4 COLLATE=utf8mb4_unicode_ci;

-- --------------------------------------------------------

--
-- Table structure for table `products`
--

CREATE TABLE `products` (
  `id` int(10) UNSIGNED NOT NULL,
  `name` varchar(191) COLLATE utf8mb4_unicode_ci NOT NULL,
  `detail` text COLLATE utf8mb4_unicode_ci NOT NULL,
  `price` int(11) NOT NULL,
  `stock` int(11) NOT NULL,
  `discount` int(11) NOT NULL,
  `created_at` timestamp NULL DEFAULT NULL,
  `updated_at` timestamp NULL DEFAULT NULL
) ENGINE=InnoDB DEFAULT CHARSET=utf8mb4 COLLATE=utf8mb4_unicode_ci;

--
-- Dumping data for table `products`
--

INSERT INTO `products` (`id`, `name`, `detail`, `price`, `stock`, `discount`, `created_at`, `updated_at`) VALUES
(1, 'possimus', 'Iusto est et id omnis. Eligendi atque molestias dolorem. Non quaerat doloremque provident repudiandae ut adipisci et.', 751, 8, 13, '2018-10-30 23:44:39', '2018-10-30 23:44:39'),
(2, 'dolorum', 'Illum sunt quia fuga nisi incidunt. At aperiam saepe quasi consequatur atque. Quibusdam ipsum et dolorum animi. Illo aut repellat sed ullam quis.', 663, 4, 11, '2018-10-30 23:44:39', '2018-10-30 23:44:39'),
(3, 'sed', 'Et velit dolor aliquam adipisci. Animi quae ut iusto similique beatae quas. Accusantium aut minima inventore consequatur expedita occaecati quaerat. Consequatur dolorem tempora minima eos nisi illum dignissimos.', 176, 9, 13, '2018-10-30 23:44:39', '2018-10-30 23:44:39'),
(4, 'recusandae', 'Deserunt beatae corrupti aperiam consequuntur consequatur eligendi inventore. Ut rerum illum dolorem consectetur unde. Fugit rem dolore error ex voluptate fuga et. Tenetur est nihil voluptatem natus.', 162, 8, 8, '2018-10-30 23:44:39', '2018-10-30 23:44:39'),
(5, 'odit', 'Sed nulla quis voluptatem aut error veniam. Vel assumenda et dolorem harum. Aut est quis sit ea ducimus soluta. Adipisci voluptas aut est.', 508, 5, 13, '2018-10-30 23:44:39', '2018-10-30 23:44:39'),
(6, 'mollitia', 'Odit natus nulla amet veniam. Est est rem ipsum atque dolor maiores sunt. Dolore perspiciatis voluptatibus qui repellendus tempore qui molestiae aliquam.', 366, 9, 16, '2018-10-30 23:44:39', '2018-10-30 23:44:39'),
(7, 'sapiente', 'Perspiciatis ut maiores eos quia. Et tempore ducimus atque. Modi et asperiores nisi aut autem saepe fugit.', 360, 3, 3, '2018-10-30 23:44:39', '2018-10-30 23:44:39'),
(8, 'officiis', 'Non illum qui tempora dolorum. Odio commodi sed molestias quas sint. Provident illo iste porro itaque officia.', 738, 6, 13, '2018-10-30 23:44:40', '2018-10-30 23:44:40'),
(9, 'nihil', 'Sit omnis eius quibusdam impedit dolores dolor illo. Veniam molestiae necessitatibus voluptates expedita blanditiis. Voluptatem ut enim ea non molestiae illo. Voluptatem necessitatibus pariatur provident dolores ipsam.', 674, 5, 9, '2018-10-30 23:44:40', '2018-10-30 23:44:40'),
(10, 'aut', 'Eum corporis soluta quis quia qui assumenda quibusdam. Accusamus doloribus voluptas qui quo voluptas et ratione. Sit culpa id qui quisquam iusto sunt aut. Molestiae consequuntur corporis qui ut veritatis.', 390, 8, 11, '2018-10-30 23:44:40', '2018-10-30 23:44:40'),
(11, 'est', 'Ut aut modi sint sapiente quasi. Distinctio qui et dolores commodi. Eum laboriosam nemo deleniti vel asperiores fugit. Molestiae non reiciendis ullam non suscipit harum.', 928, 7, 30, '2018-10-30 23:44:40', '2018-10-30 23:44:40'),
(12, 'tempore', 'Excepturi ea tenetur deleniti aut sed facere. Eligendi itaque repudiandae eius dolor. Provident inventore asperiores porro est ratione tempora nam. Eveniet expedita et facilis eum exercitationem consequuntur cumque distinctio. Et consequuntur maxime cum magnam consequuntur quo laudantium id.', 872, 4, 29, '2018-10-30 23:44:40', '2018-10-30 23:44:40'),
(13, 'ratione', 'Ad harum cumque repellendus. Porro est odio nulla et. Et consequatur facere iusto tempora.', 668, 9, 16, '2018-10-30 23:44:40', '2018-10-30 23:44:40'),
(14, 'animi', 'Ut aut harum veniam et tenetur magni sint. Tempore eligendi quo voluptatem. Quasi sapiente et et dolore voluptas odit id. Neque animi tempore tempore libero et.', 669, 8, 24, '2018-10-30 23:44:40', '2018-10-30 23:44:40'),
(15, 'perferendis', 'Quaerat voluptatem sit est quaerat praesentium qui. Dolores nemo excepturi saepe fugiat non molestias aliquid. Quo blanditiis error aut natus quo optio. Quasi aspernatur fugit molestiae aut nobis.', 401, 6, 3, '2018-10-30 23:44:40', '2018-10-30 23:44:40'),
(16, 'maxime', 'Id voluptas asperiores iste esse. Nihil ipsum molestias et dolorem vel eos eos. Laboriosam consectetur ut ab sequi sint est.', 553, 5, 23, '2018-10-30 23:44:40', '2018-10-30 23:44:40'),
(17, 'eos', 'Aliquid autem voluptatem in dolore sit. Quia asperiores quo tenetur in ea ea corporis. Vel autem exercitationem mollitia ut nihil sed in.', 800, 4, 17, '2018-10-30 23:44:40', '2018-10-30 23:44:40'),
(18, 'nostrum', 'Similique deserunt reprehenderit eos eius iure minus culpa. Sapiente et voluptas dicta rem suscipit. Et sit et quo rem nisi blanditiis est.', 106, 9, 6, '2018-10-30 23:44:40', '2018-10-30 23:44:40'),
(19, 'ab', 'Voluptatem officiis autem magnam ullam natus odit excepturi placeat. Eveniet enim et veritatis rerum.', 766, 7, 29, '2018-10-30 23:44:40', '2018-10-30 23:44:40'),
(20, 'adipisci', 'Corporis tempora officiis similique fuga voluptatem. Earum sed recusandae quo nam quibusdam tempore. Aliquam ullam accusantium tempora quaerat id. Aut nam non placeat id nisi perspiciatis.', 958, 4, 12, '2018-10-30 23:44:40', '2018-10-30 23:44:40'),
(21, 'soluta', 'Quo deserunt consequatur assumenda ratione tempore. Ut est molestias fugiat sunt ut ea. Natus aut voluptatibus qui dolor incidunt est minus.', 763, 5, 17, '2018-10-30 23:44:40', '2018-10-30 23:44:40'),
(22, 'quaerat', 'Est et atque dolorem beatae animi. Quo aut animi consequatur temporibus. Quia recusandae modi quo dolorum repudiandae qui magni. Vitae voluptatem ipsum iste consequuntur unde. Ipsum soluta quasi eligendi dignissimos numquam cupiditate.', 590, 0, 21, '2018-10-30 23:44:40', '2018-10-30 23:44:40'),
(23, 'natus', 'Rem aut ut magnam autem possimus. Numquam nihil officiis eligendi quibusdam ut magnam. Consequuntur quae voluptate impedit voluptatibus suscipit. Nam est fuga ut sed quos similique ut.', 453, 4, 23, '2018-10-30 23:44:40', '2018-10-30 23:44:40'),
(24, 'et', 'Dignissimos provident et voluptatum et quasi laboriosam quibusdam dolorum. Labore aut unde aspernatur atque autem corporis omnis. Reprehenderit voluptatem nemo aspernatur sunt eius asperiores.', 512, 9, 3, '2018-10-30 23:44:40', '2018-10-30 23:44:40'),
(25, 'a', 'Eveniet totam consectetur qui. Sed similique et commodi quod totam. Natus voluptatibus id non eveniet autem fuga id.', 455, 0, 11, '2018-10-30 23:44:40', '2018-10-30 23:44:40'),
(26, 'quaerat', 'Iusto unde facere eos in perspiciatis maxime. Itaque nam quod libero nihil ipsam sed necessitatibus. Non quae ipsam quod quidem.', 309, 2, 22, '2018-10-30 23:44:40', '2018-10-30 23:44:40'),
(27, 'vero', 'Perspiciatis dolor aspernatur ipsa magni ex. Iusto et earum voluptatem sapiente. Eius vel dolorem nesciunt harum molestiae doloribus.', 398, 3, 17, '2018-10-30 23:44:40', '2018-10-30 23:44:40'),
(28, 'ut', 'Totam placeat modi doloribus voluptatem. Ipsum voluptatibus eum a accusantium.', 751, 2, 11, '2018-10-30 23:44:40', '2018-10-30 23:44:40'),
(29, 'et', 'Provident est repudiandae nisi. Voluptas rerum reiciendis tempora nostrum. Quisquam itaque nemo itaque eos laborum praesentium. Perspiciatis cumque beatae autem aut quis ut voluptatem.', 628, 2, 6, '2018-10-30 23:44:40', '2018-10-30 23:44:40'),
(30, 'tempore', 'Eos dolorum commodi sit et. Voluptate qui exercitationem non ab. Omnis quas maiores ratione autem voluptatibus dolorum eveniet.', 175, 0, 17, '2018-10-30 23:44:40', '2018-10-30 23:44:40'),
(31, 'deleniti', 'Illo magnam non reiciendis suscipit. Ut doloremque totam dicta ex dolorem. Quia quo tenetur quia perspiciatis nisi rerum perferendis.', 682, 4, 14, '2018-10-30 23:44:40', '2018-10-30 23:44:40'),
(32, 'ea', 'Adipisci ut et reiciendis eaque officiis in. Atque et enim nemo autem enim molestias. Possimus modi illum saepe adipisci voluptas. Qui aspernatur et sed perspiciatis.', 256, 4, 5, '2018-10-30 23:44:40', '2018-10-30 23:44:40'),
(33, 'eum', 'Magni in ipsum fugit velit autem. Et quia ipsa inventore nisi minus quia culpa. Officiis sed quaerat a quis. Aperiam voluptatum molestias repudiandae animi dolores.', 525, 5, 6, '2018-10-30 23:44:40', '2018-10-30 23:44:40'),
(34, 'sed', 'Hic voluptatem qui et. Ab praesentium ipsum eveniet voluptatem. Assumenda non vel veritatis iure. Culpa et quis mollitia corrupti.', 524, 4, 18, '2018-10-30 23:44:40', '2018-10-30 23:44:40'),
(35, 'omnis', 'Accusantium eaque et omnis voluptatem. Dolorem ex consequatur unde nisi aut et beatae. Aut odit aut voluptas. Et sequi eos sed et nihil dignissimos.', 783, 7, 10, '2018-10-30 23:44:40', '2018-10-30 23:44:40'),
(36, 'dolor', 'Tenetur hic molestiae unde. Voluptatem necessitatibus aliquam molestias ut quam aspernatur. Dolorem vero nam iusto laboriosam quibusdam dolores. Dolorum reprehenderit id quod quaerat magnam consequuntur. Hic rerum molestiae qui enim.', 791, 7, 8, '2018-10-30 23:44:40', '2018-10-30 23:44:40'),
(37, 'quo', 'Aut aperiam modi voluptatum vel provident numquam ut. Atque veniam sed explicabo eveniet quia sed. Provident facilis voluptate voluptatibus deleniti cum aut. Quia provident nesciunt exercitationem qui qui. Dolor quae accusamus qui.', 553, 7, 8, '2018-10-30 23:44:40', '2018-10-30 23:44:40'),
(38, 'debitis', 'Vitae vitae blanditiis sunt vitae facere consequatur non. Maiores vitae fugit minima alias magnam blanditiis ex. Dolorum et deleniti id enim. Nostrum corporis dolores nihil magnam. Id quibusdam culpa voluptates.', 600, 2, 8, '2018-10-30 23:44:40', '2018-10-30 23:44:40'),
(39, 'et', 'Suscipit id suscipit id optio et veniam autem. Exercitationem architecto corporis voluptatem nam repellendus est explicabo. Praesentium totam maxime consequuntur beatae a id cupiditate.', 200, 8, 21, '2018-10-30 23:44:40', '2018-10-30 23:44:40'),
(40, 'omnis', 'Et aut aut quia possimus. Id corporis facere eos aspernatur. Voluptas sed est dolores nostrum eum repudiandae enim.', 828, 4, 10, '2018-10-30 23:44:40', '2018-10-30 23:44:40'),
(41, 'natus', 'Voluptatem est repellat esse praesentium ut quis cumque at. Eligendi nemo eum hic. Incidunt beatae vel sit quis voluptatibus et.', 718, 0, 24, '2018-10-30 23:44:40', '2018-10-30 23:44:40'),
(42, 'eligendi', 'Aliquam natus nulla quos. Sapiente voluptates itaque a excepturi modi. Qui iste qui nostrum qui.', 100, 9, 15, '2018-10-30 23:44:40', '2018-10-30 23:44:40'),
(43, 'vitae', 'Perspiciatis quidem soluta reiciendis ex qui quos quos cum. Aut distinctio corporis necessitatibus eaque magni iusto. Et iure error eum nesciunt. Quibusdam nihil laboriosam sed sed recusandae.', 193, 3, 11, '2018-10-30 23:44:40', '2018-10-30 23:44:40'),
(44, 'ducimus', 'Est autem qui facilis. Sit nostrum consequatur aspernatur tempora autem eos et.', 809, 2, 29, '2018-10-30 23:44:40', '2018-10-30 23:44:40'),
(45, 'voluptatum', 'Praesentium eligendi eum porro. Et dolorum molestias sed et aut eius in culpa. Sit dicta ducimus beatae ea et adipisci impedit ullam.', 781, 6, 12, '2018-10-30 23:44:41', '2018-10-30 23:44:41'),
(46, 'est', 'Repudiandae optio ab autem. Nemo modi et quo dolores magni. Blanditiis ex quam nemo quia odio iusto eos. Qui repudiandae provident nostrum.', 388, 0, 23, '2018-10-30 23:44:41', '2018-10-30 23:44:41'),
(47, 'architecto', 'Dolores in quo repellat ut. Qui repellendus porro in iusto ab asperiores numquam. Veniam quia aut ut ut deserunt impedit sed.', 513, 1, 23, '2018-10-30 23:44:41', '2018-10-30 23:44:41'),
(48, 'aspernatur', 'Ab voluptatem soluta harum earum placeat magnam sed. Dolor quis at rerum quae. Rerum omnis perferendis odio corporis ut.', 371, 4, 2, '2018-10-30 23:44:41', '2018-10-30 23:44:41'),
(49, 'nostrum', 'Rerum ut quasi dolores explicabo nam occaecati. Delectus eaque in hic dolor cupiditate modi earum. Minima voluptatem nemo quasi ut magni quasi at. Aut et deserunt aperiam rerum. Sunt consectetur et ut consequatur.', 967, 0, 29, '2018-10-30 23:44:41', '2018-10-30 23:44:41'),
(50, 'aut', 'Nulla error fuga voluptas. Ut consectetur earum fuga. Minima assumenda eius repellat qui sit dolor. Distinctio est non repudiandae dignissimos ea accusamus cum.', 638, 4, 23, '2018-10-30 23:44:41', '2018-10-30 23:44:41'),
(51, 'velit', 'Dolor quibusdam rerum quia autem. Quia ad voluptas ipsum ea accusamus. Molestiae esse libero porro aut nobis quia cum rerum. Excepturi ea temporibus ducimus nihil.', 770, 9, 6, '2018-10-30 23:45:16', '2018-10-30 23:45:16'),
(52, 'non', 'Incidunt accusamus corporis voluptatem exercitationem sint id voluptates. Deserunt corporis possimus facere temporibus. Ut voluptate optio quisquam provident.', 806, 2, 2, '2018-10-30 23:45:16', '2018-10-30 23:45:16'),
(53, 'non', 'Ea dolore sit rem sit nemo. Qui quibusdam ut dolorem dolores. Et cum alias et eaque laudantium ab. Minima tenetur enim nam nihil.', 129, 4, 5, '2018-10-30 23:45:16', '2018-10-30 23:45:16'),
(54, 'libero', 'Perspiciatis eum tenetur esse saepe delectus non ut. Veniam pariatur labore et quia voluptas illum. Architecto enim aut ea voluptas eum. Sint unde inventore nam sit quaerat ab nesciunt.', 529, 6, 21, '2018-10-30 23:45:16', '2018-10-30 23:45:16'),
(55, 'eum', 'Facere consequuntur expedita incidunt aut aspernatur asperiores laborum dolores. Accusantium animi fuga ducimus molestiae et. Recusandae dolorum accusantium aut dolorem voluptatum tempora. Provident occaecati dolorem non deserunt.', 237, 6, 10, '2018-10-30 23:45:16', '2018-10-30 23:45:16'),
(56, 'ipsam', 'Voluptates ea temporibus pariatur perspiciatis animi eius voluptatibus. Itaque sit in eaque qui voluptas odit laudantium non. Aspernatur vitae repellat totam est maiores error fugiat. Quis et iure perferendis et et. Blanditiis alias qui molestiae rem omnis autem a error.', 205, 5, 27, '2018-10-30 23:45:16', '2018-10-30 23:45:16'),
(57, 'similique', 'Id laudantium vel qui alias nihil. Distinctio tenetur eos quam. Quibusdam velit autem sunt facilis.', 666, 5, 19, '2018-10-30 23:45:17', '2018-10-30 23:45:17'),
(58, 'maxime', 'Eos eum qui ut voluptatem eligendi. Omnis facere similique perspiciatis laudantium. Officia placeat maiores molestiae quia dolores.', 665, 4, 28, '2018-10-30 23:45:17', '2018-10-30 23:45:17'),
(59, 'corporis', 'Incidunt perferendis enim asperiores quas. Dolores vel rerum eum tempora ut sunt animi enim. Et cum assumenda et a voluptate dolor.', 603, 3, 29, '2018-10-30 23:45:17', '2018-10-30 23:45:17'),
(60, 'amet', 'Et odio repellendus sit omnis dolores sapiente accusamus in. Sit asperiores atque id ut ut harum nam. Officiis ut voluptas porro perspiciatis consequatur iusto quia. Nulla reiciendis ut voluptas optio numquam mollitia suscipit impedit.', 520, 6, 18, '2018-10-30 23:45:17', '2018-10-30 23:45:17'),
(61, 'ut', 'Expedita voluptatem soluta ea et. Modi dolores voluptas dolore unde nemo repellendus. Quis dolorem voluptas consectetur a.', 497, 8, 25, '2018-10-30 23:45:17', '2018-10-30 23:45:17'),
(62, 'et', 'Consequatur cum sed odio totam atque harum. Aut sint est illo totam doloribus. Mollitia dicta cumque rerum earum distinctio.', 608, 6, 11, '2018-10-30 23:45:17', '2018-10-30 23:45:17'),
(63, 'ducimus', 'Labore deleniti omnis itaque necessitatibus sint qui. Reiciendis eos nam dolores commodi esse dignissimos. Nihil assumenda quis enim quos tenetur voluptatibus quia eos.', 703, 6, 8, '2018-10-30 23:45:17', '2018-10-30 23:45:17'),
(64, 'voluptatem', 'Corrupti natus ipsum ipsum praesentium est. Laudantium itaque tenetur dolor beatae officiis harum dignissimos. Qui voluptates qui dolores non et.', 802, 2, 30, '2018-10-30 23:45:17', '2018-10-30 23:45:17'),
(65, 'nulla', 'Voluptas aut atque quasi quasi et sed. Nam et blanditiis et impedit exercitationem possimus praesentium rerum. Quod quae hic optio quidem excepturi ut illo. Esse iure sunt temporibus quia et eius.', 954, 6, 4, '2018-10-30 23:45:17', '2018-10-30 23:45:17'),
(66, 'sunt', 'Similique placeat fuga quia cum. Molestias nostrum velit ut qui. Error quisquam quia id. Nisi ut accusantium non rerum nulla debitis.', 477, 9, 28, '2018-10-30 23:45:17', '2018-10-30 23:45:17'),
(67, 'qui', 'Facilis temporibus quae dicta et porro. Adipisci voluptates consequatur asperiores doloribus quo in. Dignissimos laborum cupiditate commodi quas eum.', 583, 7, 12, '2018-10-30 23:45:17', '2018-10-30 23:45:17'),
(68, 'dolorum', 'Est quam nostrum quibusdam quas voluptas. Unde et eos autem qui ratione commodi. Qui sed enim velit sit doloribus perspiciatis. Et eligendi et recusandae quisquam.', 218, 5, 22, '2018-10-30 23:45:17', '2018-10-30 23:45:17'),
(69, 'neque', 'Architecto nihil maiores dolorum voluptas non dolores. Eveniet ad et dicta in eum. Sit animi quia sunt quas. Doloribus nulla id consequuntur.', 270, 5, 18, '2018-10-30 23:45:17', '2018-10-30 23:45:17'),
(70, 'cum', 'Est quo provident eveniet est sed. Sit ducimus eligendi et aut. Officia aut quibusdam ut sed qui distinctio. Error fuga nesciunt et.', 195, 7, 16, '2018-10-30 23:45:17', '2018-10-30 23:45:17'),
(71, 'cumque', 'Voluptatem dolores non laudantium. Architecto eum sit consequatur et fugit. Omnis et ipsam laudantium est quas occaecati sit et. Expedita et porro sed corrupti illo autem.', 883, 9, 11, '2018-10-30 23:45:17', '2018-10-30 23:45:17'),
(72, 'laborum', 'Quia incidunt eos earum mollitia. Enim pariatur perspiciatis autem eum illum maxime blanditiis. Nihil maiores laborum maxime magni aut sit architecto id.', 416, 3, 17, '2018-10-30 23:45:17', '2018-10-30 23:45:17'),
(73, 'vel', 'Dolor aspernatur nemo tempora delectus enim consequuntur. Quia architecto modi aut ut repellendus neque. Amet excepturi voluptatem minus porro omnis veritatis.', 957, 6, 24, '2018-10-30 23:45:17', '2018-10-30 23:45:17'),
(74, 'nihil', 'Autem nisi sed aliquam aliquid est illum. Rerum beatae maiores at aut ullam. Rerum quaerat eum beatae voluptate magnam enim cum.', 1000, 0, 7, '2018-10-30 23:45:17', '2018-10-30 23:45:17'),
(75, 'nisi', 'Non labore ipsa et officiis autem. Voluptas aliquid libero non nemo quis. Rerum nobis voluptatem aut doloremque ut earum.', 383, 4, 21, '2018-10-30 23:45:17', '2018-10-30 23:45:17'),
(76, 'a', 'Et ab quas officiis sunt. Et quis aut commodi ullam voluptates. Et nesciunt omnis sit quia alias.', 311, 2, 24, '2018-10-30 23:45:17', '2018-10-30 23:45:17'),
(77, 'quo', 'A consequatur autem nisi quia voluptas optio. Qui distinctio ratione earum aperiam et maxime sequi. Ea nesciunt enim ducimus autem.', 651, 6, 9, '2018-10-30 23:45:17', '2018-10-30 23:45:17'),
(78, 'assumenda', 'Ab est voluptates sapiente velit. Quisquam voluptatibus praesentium velit alias quia cum aut in. Cupiditate non qui voluptatem dicta minima doloremque ea. Hic ipsam necessitatibus et a. Reiciendis quibusdam repellendus fuga placeat repudiandae est.', 111, 6, 15, '2018-10-30 23:45:17', '2018-10-30 23:45:17'),
(79, 'rem', 'Et nulla accusamus voluptatem ad vero facere et quod. Iure maxime deserunt quia quia et ad. Quo est rerum alias sint.', 569, 7, 12, '2018-10-30 23:45:17', '2018-10-30 23:45:17'),
(80, 'voluptatem', 'Consectetur quos assumenda tenetur nam temporibus quia. Ut sit aut dolores omnis et dolor voluptatem est. Voluptas eaque nisi omnis libero eveniet.', 501, 5, 23, '2018-10-30 23:45:17', '2018-10-30 23:45:17'),
(81, 'voluptatibus', 'Perferendis odio beatae voluptatum sequi. In consequatur et inventore ipsam. Modi sed quia excepturi qui.', 644, 0, 25, '2018-10-30 23:45:17', '2018-10-30 23:45:17'),
(82, 'eaque', 'Odio ut consequatur tenetur. Maiores dolores dolor aut dolorum. Aut ut non natus eum sed non consequatur.', 226, 9, 10, '2018-10-30 23:45:17', '2018-10-30 23:45:17'),
(83, 'esse', 'Labore blanditiis nihil id dolor. Reiciendis magni incidunt in enim consectetur et. Nulla qui et perspiciatis et mollitia autem.', 237, 1, 13, '2018-10-30 23:45:17', '2018-10-30 23:45:17'),
(84, 'voluptas', 'Dolor aut consequatur neque magnam ducimus. In quis unde in deleniti eligendi optio explicabo ea. Aut repudiandae voluptas aliquid sunt velit quo qui. Veritatis odio molestiae beatae adipisci. Dolorum temporibus labore rem molestiae sit ratione expedita.', 223, 0, 4, '2018-10-30 23:45:17', '2018-10-30 23:45:17'),
(85, 'voluptatum', 'Non qui voluptatem alias delectus doloribus. Illum et officia ut impedit harum similique reiciendis. Corrupti explicabo veniam cupiditate debitis et iste. Cumque aspernatur adipisci quia enim assumenda. Velit cumque neque ut et neque.', 781, 1, 29, '2018-10-30 23:45:17', '2018-10-30 23:45:17'),
(86, 'earum', 'Quos quasi ducimus magni doloremque et ad. Libero reiciendis est aliquid libero excepturi. Sit sint commodi consectetur iste.', 384, 7, 24, '2018-10-30 23:45:17', '2018-10-30 23:45:17'),
(87, 'dolore', 'Commodi necessitatibus aut quis ut. Vel aut optio quaerat repudiandae sunt saepe. Modi sequi vel non natus.', 601, 5, 24, '2018-10-30 23:45:17', '2018-10-30 23:45:17'),
(88, 'id', 'Sit modi voluptatem aut eum consequatur qui magni. Impedit reiciendis odio esse. Velit illum ab nihil minus.', 388, 7, 26, '2018-10-30 23:45:17', '2018-10-30 23:45:17'),
(89, 'quam', 'Facilis enim nobis dolore vel facilis ipsam. Eum commodi animi impedit aspernatur et iure. Dolores consequatur nihil animi saepe. Doloremque architecto et repudiandae maxime quis.', 270, 3, 13, '2018-10-30 23:45:17', '2018-10-30 23:45:17'),
(90, 'et', 'Sint rerum voluptas voluptate aut aperiam rerum consequatur. Sed repellat consequuntur deleniti minus aut occaecati dolore sequi. Qui quae delectus doloremque earum est blanditiis itaque. Occaecati omnis omnis ab voluptatem quia facere quas.', 700, 2, 22, '2018-10-30 23:45:17', '2018-10-30 23:45:17'),
(91, 'eum', 'Possimus voluptatum laudantium vitae. Voluptas et officia distinctio. Dignissimos id autem unde qui ipsa. Expedita qui nostrum ipsum amet ut est.', 750, 8, 4, '2018-10-30 23:45:17', '2018-10-30 23:45:17'),
(92, 'enim', 'Totam sunt nesciunt neque perspiciatis blanditiis velit at et. Enim sed repellendus perspiciatis repellat velit odit quasi. Esse error totam sint iste ut. Facere sunt amet qui molestiae non pariatur ut.', 424, 2, 11, '2018-10-30 23:45:18', '2018-10-30 23:45:18'),
(93, 'quisquam', 'Et enim sint ratione in amet voluptas voluptas. Suscipit nesciunt eum corporis porro sunt qui. Nihil est rerum quaerat facere velit nihil non. Rerum et reiciendis iusto fuga nihil.', 517, 9, 9, '2018-10-30 23:45:18', '2018-10-30 23:45:18'),
(94, 'est', 'Aliquam itaque et animi est odit tempore tempora. Debitis eaque ex culpa omnis sunt corrupti nulla. Beatae ratione unde temporibus illum.', 326, 2, 3, '2018-10-30 23:45:18', '2018-10-30 23:45:18'),
(95, 'dolorem', 'Nemo voluptatem saepe asperiores sed. Est rerum id voluptatibus commodi. Iste voluptatem ut ut qui nemo. Et voluptates quos aut sed.', 927, 2, 8, '2018-10-30 23:45:18', '2018-10-30 23:45:18'),
(96, 'omnis', 'Repellat vero ratione unde blanditiis quo. Saepe minima explicabo aut velit. Assumenda officia quo labore quia vel.', 714, 2, 4, '2018-10-30 23:45:18', '2018-10-30 23:45:18'),
(97, 'consequatur', 'Amet accusantium sequi qui dolore nihil. Odio et rerum dolorem quos deserunt. Illum cumque dolorum dolores molestias repudiandae tenetur. Repellendus quia officiis sunt qui ex nostrum ratione eos.', 534, 4, 4, '2018-10-30 23:45:18', '2018-10-30 23:45:18'),
(98, 'in', 'Dignissimos vel illum id dolorum sequi sed numquam. Hic sit cumque maxime omnis voluptatem voluptatibus voluptates. Vero deserunt ullam suscipit. Dolorem illo voluptatum quia blanditiis iusto voluptatem.', 183, 2, 29, '2018-10-30 23:45:18', '2018-10-30 23:45:18'),
(99, 'nemo', 'Ea sed error sit error. Et iure tempore maiores perferendis assumenda commodi vel.', 173, 7, 29, '2018-10-30 23:45:18', '2018-10-30 23:45:18'),
(100, 'tenetur', 'Aut doloribus atque est autem rerum. Harum dolores exercitationem eaque omnis ut.', 942, 4, 29, '2018-10-30 23:45:18', '2018-10-30 23:45:18'),
(101, 'culpa', 'Saepe ut unde laborum voluptatibus soluta quia voluptatem. Dolores cum magnam temporibus. Libero tempore aut aperiam ab impedit doloremque.', 330, 0, 3, '2018-10-30 23:46:15', '2018-10-30 23:46:15'),
(102, 'autem', 'Voluptas necessitatibus est exercitationem et asperiores tempore nihil. Qui autem unde pariatur non provident. Labore est voluptatibus et nihil laborum voluptates.', 632, 4, 21, '2018-10-30 23:46:15', '2018-10-30 23:46:15'),
(103, 'eum', 'Id soluta commodi animi id aliquid molestiae. Quisquam cumque itaque sequi ducimus omnis. Praesentium ipsam esse dolores laboriosam est est. Rerum aliquam est nihil porro non qui. Nemo explicabo aut aliquid.', 694, 8, 17, '2018-10-30 23:46:15', '2018-10-30 23:46:15'),
(104, 'sint', 'Non nulla nulla eius architecto laudantium reprehenderit. Fuga consequuntur vel sapiente ab quo enim consequatur nihil. Est explicabo ratione voluptatem pariatur. Et laboriosam dolore in ab nisi dicta iure.', 967, 9, 5, '2018-10-30 23:46:15', '2018-10-30 23:46:15'),
(105, 'qui', 'Rerum aliquam doloremque facilis et nihil autem autem. Aut perspiciatis quia nam aliquid nulla repellendus dolor. Fuga dolorem adipisci at ullam ad.', 435, 3, 10, '2018-10-30 23:46:15', '2018-10-30 23:46:15'),
(106, 'suscipit', 'Officiis fugiat sunt sed et officia alias at. Cum qui qui ut quia. Repudiandae libero ipsam qui magnam.', 147, 6, 15, '2018-10-30 23:46:15', '2018-10-30 23:46:15'),
(107, 'sapiente', 'Harum ut incidunt nesciunt. Quo voluptate quidem nobis dolorem quia aut autem. Quia voluptatem ducimus eaque ullam qui iusto sit. Eos quia dignissimos in. Omnis quia quo qui esse fugiat eveniet.', 267, 7, 26, '2018-10-30 23:46:15', '2018-10-30 23:46:15'),
(108, 'sequi', 'Sed ut at perferendis perferendis molestiae eum in. Ut tenetur ea optio et. Provident dolor doloribus enim quia.', 596, 4, 21, '2018-10-30 23:46:15', '2018-10-30 23:46:15'),
(109, 'autem', 'Amet occaecati quos dolore ab veritatis incidunt soluta. Architecto ipsum aut voluptatibus laudantium mollitia nesciunt tempora. Tempora veniam rerum minima necessitatibus consequuntur id.', 842, 3, 24, '2018-10-30 23:46:15', '2018-10-30 23:46:15'),
(110, 'dolore', 'Cupiditate enim qui aut ut rem. Voluptatem et cumque error nulla beatae cupiditate.', 619, 8, 18, '2018-10-30 23:46:15', '2018-10-30 23:46:15'),
(111, 'rerum', 'Sapiente perferendis cupiditate quo debitis culpa quis animi. Dolores similique et eos placeat nam sit eligendi ea. Deleniti sunt quidem sequi aperiam nihil.', 803, 6, 16, '2018-10-30 23:46:15', '2018-10-30 23:46:15'),
(112, 'qui', 'Amet dolorem voluptatem sequi quo quos omnis quae magnam. Ullam veniam facilis ratione velit vero. Magni minima impedit iure aut.', 198, 4, 14, '2018-10-30 23:46:15', '2018-10-30 23:46:15'),
(113, 'molestias', 'Id dicta illo dolor facilis eligendi alias tenetur. Corporis deserunt ea architecto est deleniti numquam. Dicta nemo sequi ea cum unde sit. Quod rerum fuga officiis nemo omnis ut sequi tempora.', 309, 4, 28, '2018-10-30 23:46:16', '2018-10-30 23:46:16'),
(114, 'aliquid', 'Velit facere voluptatem dolores. Sunt earum qui sunt omnis est alias. Quo doloribus dolorem quidem est. Distinctio mollitia sunt provident et.', 350, 6, 26, '2018-10-30 23:46:16', '2018-10-30 23:46:16'),
(115, 'eos', 'Consectetur recusandae voluptas in facere recusandae et amet. Laboriosam sapiente quam enim sit deleniti qui. Sed error quia veniam sunt.', 355, 9, 24, '2018-10-30 23:46:16', '2018-10-30 23:46:16'),
(116, 'dolores', 'Aut et id rerum nulla odio atque amet voluptas. Vitae sequi reprehenderit vitae eaque et. Aperiam voluptas possimus sunt fugiat nisi. Aut esse eveniet non sed est cupiditate.', 634, 9, 10, '2018-10-30 23:46:16', '2018-10-30 23:46:16'),
(117, 'molestiae', 'Dolorem est et corrupti nobis esse. Temporibus perferendis blanditiis totam. Et odit veritatis voluptatem rem eaque et.', 475, 1, 21, '2018-10-30 23:46:16', '2018-10-30 23:46:16'),
(118, 'possimus', 'Magni corrupti necessitatibus itaque esse. Id laborum expedita cupiditate quae ut atque. Odio qui expedita laboriosam sed eligendi qui.', 798, 0, 21, '2018-10-30 23:46:16', '2018-10-30 23:46:16'),
(119, 'et', 'Possimus alias numquam facilis velit. Sed omnis tempore dolores aut qui ut dolor.', 215, 5, 30, '2018-10-30 23:46:16', '2018-10-30 23:46:16'),
(120, 'eveniet', 'Qui est eius eum iure voluptas quod. Iusto sint libero explicabo perferendis.', 410, 4, 5, '2018-10-30 23:46:16', '2018-10-30 23:46:16'),
(121, 'officiis', 'Omnis minima at pariatur eum ut aut. Repellat reiciendis eos quasi sed accusantium magni. Officiis sequi velit qui iure qui est. Dolorem excepturi consectetur autem nihil et non dignissimos. Libero eaque facilis perspiciatis eius illum accusamus.', 426, 5, 11, '2018-10-30 23:46:16', '2018-10-30 23:46:16'),
(122, 'adipisci', 'Maiores maiores deserunt assumenda est quod in maxime. Beatae ratione expedita tenetur voluptatibus libero tenetur. Quia ad soluta consequuntur quidem quisquam soluta assumenda.', 266, 5, 24, '2018-10-30 23:46:16', '2018-10-30 23:46:16'),
(123, 'quod', 'Non blanditiis ut facere est animi eum. Magnam voluptatum hic nostrum quibusdam. Quisquam non eum ut doloribus. Qui quas molestiae autem sit distinctio omnis.', 603, 5, 16, '2018-10-30 23:46:16', '2018-10-30 23:46:16'),
(124, 'qui', 'Omnis aut voluptates consectetur voluptatem qui corrupti totam. Reprehenderit quisquam iusto repudiandae et minima est. Vitae nihil quis dolorem et molestiae harum. Nam animi eum enim velit animi autem eum.', 882, 9, 19, '2018-10-30 23:46:16', '2018-10-30 23:46:16'),
(125, 'odit', 'Quia ipsum suscipit velit inventore pariatur et quia. Quia ab accusantium delectus aut. Nam voluptatem qui voluptates aut beatae rerum voluptate.', 133, 7, 20, '2018-10-30 23:46:16', '2018-10-30 23:46:16'),
(126, 'debitis', 'Qui velit id natus corrupti similique. Ratione est eaque quidem rerum natus consequatur sit. Maiores non debitis earum aut et ipsum itaque eaque. Sint et at rerum asperiores qui unde.', 328, 4, 13, '2018-10-30 23:46:16', '2018-10-30 23:46:16'),
(127, 'ea', 'Voluptate voluptatum et molestiae totam itaque neque. Labore dolor et et molestiae. Et neque et tempore ad tempore consectetur.', 469, 7, 16, '2018-10-30 23:46:16', '2018-10-30 23:46:16'),
(128, 'rerum', 'Est sit dolore non tempore unde vero voluptatum. Nam aspernatur porro est fuga corrupti aut ut. Vero dolor corrupti itaque sit. Voluptates fugiat quis dolore modi. Et rerum consequatur ut quam nihil.', 344, 0, 23, '2018-10-30 23:46:16', '2018-10-30 23:46:16'),
(129, 'quis', 'Modi aut aperiam reprehenderit necessitatibus. Ea cupiditate et fuga neque. Quo voluptas aliquid cumque quae. Facere reprehenderit possimus nostrum autem dolores.', 835, 5, 10, '2018-10-30 23:46:16', '2018-10-30 23:46:16'),
(130, 'totam', 'Ad voluptatem qui iure voluptatem. A qui id quo enim et quam.', 226, 3, 7, '2018-10-30 23:46:16', '2018-10-30 23:46:16'),
(131, 'eligendi', 'Nam autem tempore commodi dolorem quas neque tenetur. Sed perferendis qui est reprehenderit. Officia illo officia et voluptatibus.', 143, 0, 17, '2018-10-30 23:46:16', '2018-10-30 23:46:16'),
(132, 'eligendi', 'Et distinctio culpa et molestiae. Molestiae quia impedit qui dolor provident quis aut. Dolorem rem illum aut quis. Rerum voluptas consequatur laudantium dolorum iure minima. Rem quia alias dolorem fugiat blanditiis consequatur cum consequuntur.', 811, 0, 7, '2018-10-30 23:46:16', '2018-10-30 23:46:16'),
(133, 'nihil', 'Quisquam alias unde voluptates delectus. Voluptatem cupiditate odio rerum nostrum sint iusto incidunt. Modi doloremque enim consequatur placeat. Corrupti distinctio eveniet officiis sed veritatis velit omnis. Voluptatum quisquam et autem.', 581, 0, 4, '2018-10-30 23:46:16', '2018-10-30 23:46:16'),
(134, 'aut', 'Ut officia illo assumenda non dolor ad at aut. Non dolor qui nihil eum exercitationem repellat. Velit tempora quibusdam quo. Assumenda quia ratione porro illo ut a sed.', 607, 9, 10, '2018-10-30 23:46:16', '2018-10-30 23:46:16'),
(135, 'qui', 'Tempora molestiae omnis aut quaerat distinctio et suscipit nulla. Qui aut placeat qui fuga. Esse in qui est. Rerum ad ipsum natus qui architecto neque.', 347, 8, 29, '2018-10-30 23:46:16', '2018-10-30 23:46:16'),
(136, 'mollitia', 'Vero fugiat repellendus et ad. Consequatur dicta reprehenderit ut. Omnis quos optio enim est eveniet. Modi quae ipsa doloribus.', 829, 5, 8, '2018-10-30 23:46:16', '2018-10-30 23:46:16'),
(137, 'repellendus', 'Velit voluptatem quo soluta corporis et omnis dignissimos. Cum sit impedit quia hic rerum id et. Corporis placeat voluptates rerum nam voluptas. Corrupti et nemo quo est.', 307, 7, 21, '2018-10-30 23:46:16', '2018-10-30 23:46:16'),
(138, 'expedita', 'Est minus laudantium voluptatum numquam neque. Rem omnis voluptatibus asperiores qui eveniet aperiam. Sint deleniti ullam inventore. Odit maxime aut cupiditate cum repellendus fuga expedita magni.', 358, 3, 3, '2018-10-30 23:46:16', '2018-10-30 23:46:16'),
(139, 'cumque', 'Sed vero minima recusandae dignissimos voluptatum. Veniam quia veniam doloremque dicta. Neque praesentium nihil id consequuntur. Sit odit occaecati exercitationem voluptas ut.', 104, 7, 10, '2018-10-30 23:46:16', '2018-10-30 23:46:16'),
(140, 'excepturi', 'Quam qui ducimus ex officia vitae. Voluptatibus rerum in assumenda nihil et natus. Itaque sed delectus consequatur tempore quia. Neque ex nobis eligendi qui cupiditate eos rerum quibusdam.', 376, 7, 7, '2018-10-30 23:46:17', '2018-10-30 23:46:17'),
(141, 'culpa', 'Rerum sunt ut dolorem est architecto aut. Dolor modi non alias explicabo et animi atque. Architecto ut repellendus voluptatibus saepe ut eligendi voluptas perferendis. Ut eum et est fugit dignissimos deserunt. Aut corporis explicabo velit quisquam voluptatem consequatur in.', 547, 0, 11, '2018-10-30 23:46:17', '2018-10-30 23:46:17'),
(142, 'et', 'Provident ipsam similique ipsa aut. Ea perspiciatis maiores provident. Quas similique aut minus rem libero eum esse. Consectetur cumque odit neque est. Inventore repellat quaerat nam commodi id qui.', 263, 1, 28, '2018-10-30 23:46:17', '2018-10-30 23:46:17'),
(143, 'dolore', 'Neque necessitatibus consequatur nisi enim provident asperiores temporibus. Et rerum sequi quam placeat omnis et ipsa. Illo beatae dicta sint expedita.', 670, 8, 19, '2018-10-30 23:46:17', '2018-10-30 23:46:17'),
(144, 'similique', 'Ratione enim enim eius et aut porro. Et fuga consequatur dolorem quia sed sed aperiam.', 482, 0, 28, '2018-10-30 23:46:17', '2018-10-30 23:46:17'),
(145, 'officia', 'Et voluptatem amet vel omnis eos numquam modi. Eos natus dolor culpa autem. Id veritatis quos nisi neque voluptas natus ratione quia. Nulla voluptas et voluptas ut. Velit omnis maxime mollitia suscipit repellendus voluptatem aut.', 800, 0, 26, '2018-10-30 23:46:17', '2018-10-30 23:46:17'),
(146, 'quam', 'Accusamus architecto nostrum reiciendis voluptatum nemo. Et expedita laborum et ipsa et et enim voluptates. Et eum ex dolorem occaecati. Soluta rerum enim fugiat.', 120, 9, 13, '2018-10-30 23:46:17', '2018-10-30 23:46:17'),
(147, 'ab', 'Velit ut error cupiditate nihil nulla rerum. Et alias ex facilis. Ut consequatur aut dolor suscipit voluptates odit inventore. Nihil aliquam sunt quasi distinctio.', 266, 0, 8, '2018-10-30 23:46:17', '2018-10-30 23:46:17'),
(148, 'molestiae', 'Ipsum est ipsum eveniet totam nihil autem dolor. Maxime nemo et dolores voluptatem autem sunt totam tenetur. Fugiat dolorum debitis totam quae. Iste unde rerum sequi voluptas consequatur architecto aspernatur.', 865, 9, 20, '2018-10-30 23:46:17', '2018-10-30 23:46:17'),
(149, 'itaque', 'Delectus consequatur rerum sunt sint eaque beatae. Rerum mollitia quia ipsam incidunt tenetur praesentium aut neque. Est porro enim pariatur.', 600, 8, 18, '2018-10-30 23:46:17', '2018-10-30 23:46:17'),
(150, 'sed', 'Consequatur quod recusandae reiciendis voluptates consequuntur rerum ullam. Ut totam animi natus provident tenetur. Fuga enim ut ut minus excepturi voluptas.', 850, 4, 23, '2018-10-30 23:46:17', '2018-10-30 23:46:17'),
(151, 'reiciendis', 'Ut fuga aut officiis explicabo molestiae ea id. Voluptates soluta distinctio sed deserunt sint voluptate inventore error. Praesentium nemo nostrum consequatur unde.', 835, 4, 20, '2018-10-30 23:46:53', '2018-10-30 23:46:53'),
(152, 'ea', 'Explicabo molestiae aliquid iusto molestiae molestiae consectetur. Et quo nemo atque corrupti et. Nisi et amet cupiditate. Sapiente unde officiis at in omnis autem et.', 809, 6, 4, '2018-10-30 23:46:54', '2018-10-30 23:46:54'),
(153, 'reprehenderit', 'Dolor dignissimos sapiente nihil quisquam recusandae. Ex error ut eum perferendis id. Quidem perferendis quae odio dolorum.', 577, 6, 7, '2018-10-30 23:46:54', '2018-10-30 23:46:54'),
(154, 'aut', 'Omnis assumenda quia quia quis voluptatem. Rerum atque fuga adipisci culpa iste vitae. Doloribus eveniet autem molestiae sunt in impedit nemo. Magnam natus aut dolorum illo.', 504, 3, 22, '2018-10-30 23:46:54', '2018-10-30 23:46:54'),
(155, 'et', 'Veniam aut eum vel ad dignissimos sed. Nobis numquam qui neque quod et corrupti animi. Temporibus corrupti occaecati et non quasi explicabo quos labore.', 213, 8, 20, '2018-10-30 23:46:54', '2018-10-30 23:46:54'),
(156, 'dolores', 'Sed ut odio optio voluptas enim. Id aut enim odit architecto pariatur.', 165, 4, 21, '2018-10-30 23:46:54', '2018-10-30 23:46:54'),
(157, 'odit', 'Magnam quibusdam necessitatibus corrupti modi. Dolorem voluptate labore molestiae beatae. Consequuntur ipsa adipisci fugiat sunt. Tempora minus eos autem qui nostrum vel voluptatem. Impedit omnis saepe rerum cupiditate excepturi itaque est.', 481, 3, 22, '2018-10-30 23:46:54', '2018-10-30 23:46:54'),
(158, 'illo', 'Ratione ex qui repudiandae adipisci. Et doloribus omnis officiis ut quidem facere. Ad minus harum aut libero vel.', 183, 9, 23, '2018-10-30 23:46:54', '2018-10-30 23:46:54'),
(159, 'consequatur', 'Aut rerum laudantium nulla laborum illo quibusdam eius. Eum nobis voluptates totam est provident. Tempore quia voluptatum sed quis. Maiores neque earum rerum asperiores.', 527, 5, 21, '2018-10-30 23:46:54', '2018-10-30 23:46:54'),
(160, 'aperiam', 'Minus omnis repellendus eveniet. Adipisci ducimus enim et assumenda. Sunt ut veritatis ut exercitationem animi ipsa commodi. In voluptas consectetur impedit officia laudantium.', 574, 4, 30, '2018-10-30 23:46:54', '2018-10-30 23:46:54'),
(161, 'illum', 'Itaque harum nobis quod optio. Laboriosam dolore suscipit repellendus omnis earum et. Qui esse iste nesciunt dolorum ipsa culpa voluptas.', 562, 5, 13, '2018-10-30 23:46:54', '2018-10-30 23:46:54'),
(162, 'saepe', 'A rerum optio omnis aut sed officia incidunt eos. Necessitatibus aliquid in odit dolorem consectetur quidem nihil. Et quod explicabo quam nesciunt. Voluptatem aperiam praesentium eos maiores corporis maiores.', 470, 1, 7, '2018-10-30 23:46:54', '2018-10-30 23:46:54'),
(163, 'sunt', 'Assumenda et quibusdam ut est magni. Deserunt molestiae laboriosam praesentium minima. Aperiam eum nulla ipsa et autem. Ut dolorem illum quasi at natus officiis.', 897, 1, 4, '2018-10-30 23:46:54', '2018-10-30 23:46:54'),
(164, 'et', 'Illo et deleniti odit autem aut. Reiciendis dicta doloremque dolorum quisquam omnis perspiciatis illo. Delectus omnis earum quis architecto corrupti qui.', 291, 0, 15, '2018-10-30 23:46:54', '2018-10-30 23:46:54'),
(165, 'facere', 'Consequatur aut explicabo iste id optio. Ad non dolore eaque distinctio ut fugiat. Vel est consequatur maiores et illo quis blanditiis amet. Exercitationem beatae similique vel mollitia perferendis similique. Eveniet aliquam inventore dolorum mollitia et aut.', 477, 0, 16, '2018-10-30 23:46:54', '2018-10-30 23:46:54'),
(166, 'ad', 'Enim unde voluptatem quia. Vitae vel quo laboriosam eos et. Maxime aut repudiandae illo sequi eum maiores praesentium. Atque ut asperiores sunt delectus. Quam voluptatem qui vel numquam eum ipsum sequi.', 805, 1, 29, '2018-10-30 23:46:54', '2018-10-30 23:46:54'),
(167, 'officia', 'Quis ducimus dicta adipisci autem. Quos et et ipsum dolorum nam voluptatem voluptas. Impedit rerum ut eos quo iure. Est vel aperiam recusandae eaque quidem. Cupiditate voluptate ut non sapiente in.', 817, 1, 22, '2018-10-30 23:46:54', '2018-10-30 23:46:54'),
(168, 'porro', 'Accusantium est maxime distinctio enim voluptatem molestiae. Et est fuga in quidem provident eos. Nesciunt a molestiae nulla. Neque est magnam quisquam aliquam.', 187, 4, 29, '2018-10-30 23:46:54', '2018-10-30 23:46:54'),
(169, 'architecto', 'A et earum reprehenderit ullam repudiandae est soluta. Rerum corporis iusto reiciendis sint totam laudantium. Quidem amet ipsam eum est nihil explicabo non. Ea consequuntur velit voluptatibus ullam asperiores quia.', 984, 0, 23, '2018-10-30 23:46:54', '2018-10-30 23:46:54'),
(170, 'eligendi', 'Sunt laboriosam perspiciatis assumenda adipisci perferendis ut. Aliquid sint voluptatibus provident. Voluptas ea aut et possimus facilis quo sed sequi.', 635, 2, 13, '2018-10-30 23:46:54', '2018-10-30 23:46:54'),
(171, 'dolor', 'Omnis maxime aut aliquid voluptate quia voluptas. Eaque quos et non delectus. Quasi voluptatum natus adipisci placeat corrupti natus. Recusandae et repellat enim necessitatibus error est ipsum beatae.', 689, 8, 9, '2018-10-30 23:46:54', '2018-10-30 23:46:54'),
(172, 'quisquam', 'Consequuntur quibusdam est quo. Ipsam ut minus soluta facilis sed. Voluptas sint voluptatem aut.', 290, 6, 16, '2018-10-30 23:46:54', '2018-10-30 23:46:54'),
(173, 'vel', 'Officiis a sed tenetur eos. Quod quis a est inventore qui. Eius et adipisci repellendus cum ducimus.', 830, 0, 7, '2018-10-30 23:46:54', '2018-10-30 23:46:54'),
(174, 'et', 'Neque accusamus omnis id corrupti. Sed non ut minima dolorum. Doloremque dolore qui dolorem. Et distinctio non dolores non corporis eum et inventore. Rem asperiores reiciendis et soluta asperiores optio quas.', 662, 3, 21, '2018-10-30 23:46:54', '2018-10-30 23:46:54'),
(175, 'eos', 'Fuga voluptatibus commodi soluta in labore omnis. Totam iste esse placeat rerum sit deleniti ut. Culpa nisi debitis sint.', 417, 6, 12, '2018-10-30 23:46:54', '2018-10-30 23:46:54'),
(176, 'voluptatem', 'Quia aut voluptatem fugiat. Ut laudantium ut officiis accusamus. Molestiae nam maxime earum.', 205, 5, 13, '2018-10-30 23:46:54', '2018-10-30 23:46:54'),
(177, 'amet', 'Dolor dolores consequatur porro non sed praesentium nostrum. Et sequi ut rerum dicta aut velit. Qui repellat quas est aperiam praesentium similique eos. Debitis ipsa ut ipsam repudiandae perspiciatis molestiae eligendi.', 944, 9, 23, '2018-10-30 23:46:54', '2018-10-30 23:46:54'),
(178, 'est', 'Eaque dolor libero est libero voluptatem. Nihil rerum quia ut et explicabo dolore.', 106, 3, 6, '2018-10-30 23:46:54', '2018-10-30 23:46:54'),
(179, 'tempore', 'Sed in qui quidem ut quod saepe voluptatem. Optio vero ut inventore aliquam voluptatem provident magnam. Facilis officia sint quia temporibus porro soluta labore. Nihil nobis sunt ab voluptates voluptas dolorem porro nesciunt.', 892, 7, 10, '2018-10-30 23:46:54', '2018-10-30 23:46:54'),
(180, 'ea', 'Aliquid cum nulla voluptatibus rerum repellat ipsum omnis. Quis perspiciatis dolorem repellat. Dignissimos hic quo libero non. Nam eos commodi sequi vero. Distinctio rerum molestiae qui.', 656, 8, 24, '2018-10-30 23:46:54', '2018-10-30 23:46:54'),
(181, 'cum', 'Soluta enim aut nobis reiciendis qui perferendis. Ut temporibus autem dolore voluptas distinctio. Exercitationem eos aut dolores minus laudantium. Inventore expedita optio nihil aliquid nihil ut maxime optio.', 242, 3, 25, '2018-10-30 23:46:54', '2018-10-30 23:46:54'),
(182, 'sequi', 'Qui enim mollitia velit dolorem ratione. Est omnis laboriosam ut expedita inventore accusantium. Esse dolores aliquam et quod delectus libero.', 765, 3, 3, '2018-10-30 23:46:54', '2018-10-30 23:46:54'),
(183, 'modi', 'Ut quo dolorum a est. Sint sit fuga sit. Sint doloribus vitae asperiores.', 212, 9, 4, '2018-10-30 23:46:54', '2018-10-30 23:46:54'),
(184, 'et', 'Eum labore unde ipsa laborum sit debitis est. Dignissimos illo ut nihil ipsam vitae impedit quam accusamus. Maxime qui tempore voluptate corrupti laboriosam soluta dolor ullam. Libero magnam dolore ut veritatis dignissimos occaecati.', 145, 9, 27, '2018-10-30 23:46:54', '2018-10-30 23:46:54'),
(185, 'sunt', 'Sit voluptatum omnis hic est et quaerat. Qui quos dolore corrupti iste velit quibusdam.', 735, 1, 23, '2018-10-30 23:46:54', '2018-10-30 23:46:54'),
(186, 'nam', 'Impedit vel ut expedita. Facilis aspernatur fugiat est exercitationem. Adipisci inventore nulla odio quasi qui esse.', 897, 3, 22, '2018-10-30 23:46:54', '2018-10-30 23:46:54'),
(187, 'voluptas', 'Corporis unde quia aut delectus officia. Porro voluptas aut neque ut vitae. Aut dolor dolorem ducimus qui magni ratione.', 130, 1, 4, '2018-10-30 23:46:55', '2018-10-30 23:46:55'),
(188, 'sunt', 'Rerum ratione necessitatibus aliquid voluptatibus dolore illo quia. Aut laudantium ut ab veniam nihil sed. Ea maiores dignissimos aut consequatur inventore. Similique commodi delectus dolore at nihil.', 806, 8, 29, '2018-10-30 23:46:55', '2018-10-30 23:46:55'),
(189, 'quo', 'Libero ut architecto autem ut quo amet. Impedit consequuntur asperiores similique et et dolor. Facilis eius est qui.', 198, 3, 29, '2018-10-30 23:46:55', '2018-10-30 23:46:55'),
(190, 'qui', 'Sed voluptatem quidem fugiat. Nulla earum eaque quos a ex omnis commodi. Explicabo voluptatibus totam et explicabo sapiente blanditiis provident.', 888, 2, 16, '2018-10-30 23:46:55', '2018-10-30 23:46:55'),
(191, 'blanditiis', 'Aperiam culpa sit optio at. Nihil earum asperiores vel atque quisquam iusto ad. Veritatis ut accusamus ipsum culpa ratione corporis ea.', 641, 3, 17, '2018-10-30 23:46:55', '2018-10-30 23:46:55'),
(192, 'fugit', 'Quo minima placeat dolorum velit dicta et voluptatibus. Ipsa similique eos sint quia voluptatum. Et possimus et sit consequatur sint.', 782, 5, 10, '2018-10-30 23:46:55', '2018-10-30 23:46:55'),
(193, 'beatae', 'Ex id ullam vel autem quas. Tempora sunt beatae quos non similique itaque. Quo adipisci in eaque quis. Qui soluta doloremque fugiat soluta tempore delectus vero.', 801, 6, 25, '2018-10-30 23:46:55', '2018-10-30 23:46:55'),
(194, 'et', 'Iure nisi sequi consequatur qui suscipit porro. Soluta distinctio laudantium perspiciatis sit et a et. Hic est dolor ut culpa. Hic cum sed ratione sapiente.', 739, 8, 27, '2018-10-30 23:46:55', '2018-10-30 23:46:55'),
(195, 'doloremque', 'Quia sequi numquam error veritatis. Placeat ratione aspernatur et et voluptatem ab a illum. Omnis quia unde optio nihil.', 336, 4, 13, '2018-10-30 23:46:55', '2018-10-30 23:46:55'),
(196, 'quis', 'Quas beatae necessitatibus et voluptatibus. Dolorum provident cum et error. Minima inventore earum nulla qui commodi ducimus ea.', 724, 0, 18, '2018-10-30 23:46:55', '2018-10-30 23:46:55'),
(197, 'soluta', 'Dolorem dignissimos aut corporis ea quia corrupti. Rerum autem numquam eveniet quos natus nemo dolor accusamus. Debitis voluptatem omnis earum qui excepturi minus cupiditate. Sunt doloribus vitae omnis nesciunt suscipit facere ex.', 731, 0, 3, '2018-10-30 23:46:55', '2018-10-30 23:46:55'),
(198, 'ea', 'Nihil earum cupiditate velit consequatur. Et eveniet placeat dolorum eos. Quaerat neque ipsa ut consectetur.', 927, 2, 9, '2018-10-30 23:46:55', '2018-10-30 23:46:55'),
(199, 'nisi', 'Officia voluptatum ea at expedita eveniet. Neque ut praesentium pariatur ut ut quia. Quia voluptatem et unde ut.', 315, 1, 12, '2018-10-30 23:46:55', '2018-10-30 23:46:55'),
(200, 'libero', 'Qui quo soluta inventore nobis nam. Nihil nobis quia fugit et ullam provident. Eum placeat et est soluta modi in iure. Deleniti quisquam consequatur maxime porro odit laborum.', 860, 6, 9, '2018-10-30 23:46:55', '2018-10-30 23:46:55');

-- --------------------------------------------------------

--
-- Table structure for table `reviews`
--

CREATE TABLE `reviews` (
  `id` int(10) UNSIGNED NOT NULL,
  `product_id` int(10) UNSIGNED NOT NULL,
  `customer` varchar(191) COLLATE utf8mb4_unicode_ci NOT NULL,
  `review` text COLLATE utf8mb4_unicode_ci NOT NULL,
  `star` int(11) NOT NULL,
  `created_at` timestamp NULL DEFAULT NULL,
  `updated_at` timestamp NULL DEFAULT NULL
) ENGINE=InnoDB DEFAULT CHARSET=utf8mb4 COLLATE=utf8mb4_unicode_ci;

--
-- Dumping data for table `reviews`
--

INSERT INTO `reviews` (`id`, `product_id`, `customer`, `review`, `star`, `created_at`, `updated_at`) VALUES
(1, 98, 'Voluptatem nesciunt fugiat sequi molestias distinctio. Sed earum iure aut praesentium deserunt. Vel eum debitis deserunt est aliquid ut.', '988', 5, '2018-10-30 23:46:17', '2018-10-30 23:46:17'),
(2, 94, 'Ea reprehenderit incidunt maiores incidunt non eum. Quam qui harum aut perferendis rerum ipsam.', '256', 0, '2018-10-30 23:46:18', '2018-10-30 23:46:18'),
(3, 132, 'Suzanne Gibson', '107', 5, '2018-10-30 23:46:56', '2018-10-30 23:46:56'),
(4, 163, 'Blaise Quigley', '552', 5, '2018-10-30 23:46:56', '2018-10-30 23:46:56'),
(5, 109, 'Ashlynn Luettgen', '479', 0, '2018-10-30 23:46:56', '2018-10-30 23:46:56'),
(6, 73, 'Dana Medhurst', '253', 3, '2018-10-30 23:46:56', '2018-10-30 23:46:56'),
(7, 197, 'Ms. Rebeka Mraz', '203', 5, '2018-10-30 23:46:56', '2018-10-30 23:46:56'),
(8, 192, 'Ruby Cremin', '437', 0, '2018-10-30 23:46:56', '2018-10-30 23:46:56'),
(9, 158, 'Pierce Romaguera', '209', 3, '2018-10-30 23:46:56', '2018-10-30 23:46:56'),
(10, 71, 'Maddison Abernathy', '986', 0, '2018-10-30 23:46:56', '2018-10-30 23:46:56'),
(11, 39, 'Alysson Emmerich', '104', 0, '2018-10-30 23:46:56', '2018-10-30 23:46:56'),
(12, 173, 'Gabriel Spencer', '156', 5, '2018-10-30 23:46:56', '2018-10-30 23:46:56'),
(13, 139, 'Jarrell Bashirian', '580', 3, '2018-10-30 23:46:56', '2018-10-30 23:46:56'),
(14, 23, 'Peggie Harber IV', '596', 3, '2018-10-30 23:46:56', '2018-10-30 23:46:56'),
(15, 187, 'Miss Theresia Stoltenberg Jr.', '129', 4, '2018-10-30 23:46:56', '2018-10-30 23:46:56'),
(16, 115, 'Teagan Doyle', '722', 2, '2018-10-30 23:46:56', '2018-10-30 23:46:56'),
(17, 40, 'Mary Sporer', '636', 4, '2018-10-30 23:46:56', '2018-10-30 23:46:56'),
(18, 132, 'Mr. Luciano Vandervort DDS', '236', 5, '2018-10-30 23:46:56', '2018-10-30 23:46:56'),
(19, 113, 'Scot Gislason', '965', 0, '2018-10-30 23:46:56', '2018-10-30 23:46:56'),
(20, 7, 'Ricky Kub', '699', 2, '2018-10-30 23:46:56', '2018-10-30 23:46:56'),
(21, 25, 'Santina Lynch II', '193', 2, '2018-10-30 23:46:56', '2018-10-30 23:46:56'),
(22, 184, 'Trudie Botsford', '190', 3, '2018-10-30 23:46:56', '2018-10-30 23:46:56'),
(23, 191, 'Gordon Corkery', '605', 3, '2018-10-30 23:46:56', '2018-10-30 23:46:56'),
(24, 11, 'Dr. Frederic Cronin V', '723', 0, '2018-10-30 23:46:56', '2018-10-30 23:46:56'),
(25, 110, 'Eldred Bins', '630', 5, '2018-10-30 23:46:56', '2018-10-30 23:46:56'),
(26, 80, 'Dasia Funk DVM', '589', 1, '2018-10-30 23:46:56', '2018-10-30 23:46:56'),
(27, 170, 'Conner Flatley', '749', 2, '2018-10-30 23:46:56', '2018-10-30 23:46:56'),
(28, 36, 'Jayme Hudson', '392', 4, '2018-10-30 23:46:56', '2018-10-30 23:46:56'),
(29, 32, 'Mrs. Syble Boyle I', '539', 3, '2018-10-30 23:46:56', '2018-10-30 23:46:56'),
(30, 148, 'Miss Ruby Corkery V', '491', 3, '2018-10-30 23:46:56', '2018-10-30 23:46:56'),
(31, 155, 'Prof. Carroll Bode V', '903', 5, '2018-10-30 23:46:57', '2018-10-30 23:46:57'),
(32, 153, 'Miss Christelle Ratke', '811', 2, '2018-10-30 23:46:57', '2018-10-30 23:46:57'),
(33, 63, 'Kyleigh Cole', '547', 1, '2018-10-30 23:46:57', '2018-10-30 23:46:57'),
(34, 74, 'Miss Idella Reynolds II', '744', 5, '2018-10-30 23:46:57', '2018-10-30 23:46:57'),
(35, 57, 'Rylee Volkman', '403', 2, '2018-10-30 23:46:57', '2018-10-30 23:46:57'),
(36, 173, 'Nikolas Corkery', '369', 4, '2018-10-30 23:46:57', '2018-10-30 23:46:57'),
(37, 45, 'Tavares Dooley PhD', '338', 4, '2018-10-30 23:46:57', '2018-10-30 23:46:57'),
(38, 15, 'Carey Bednar', '867', 5, '2018-10-30 23:46:57', '2018-10-30 23:46:57'),
(39, 100, 'Danny Braun', '100', 0, '2018-10-30 23:46:57', '2018-10-30 23:46:57'),
(40, 76, 'Jacky Rath IV', '561', 0, '2018-10-30 23:46:57', '2018-10-30 23:46:57'),
(41, 138, 'Murl Ruecker', '750', 0, '2018-10-30 23:46:57', '2018-10-30 23:46:57'),
(42, 21, 'Christop Price', '417', 5, '2018-10-30 23:46:57', '2018-10-30 23:46:57'),
(43, 24, 'Eileen Kutch', '917', 5, '2018-10-30 23:46:57', '2018-10-30 23:46:57'),
(44, 93, 'Jared Gerlach', '774', 3, '2018-10-30 23:46:57', '2018-10-30 23:46:57'),
(45, 3, 'Dr. Bertrand Pfannerstill DVM', '842', 3, '2018-10-30 23:46:57', '2018-10-30 23:46:57'),
(46, 118, 'Sonny Zemlak', '774', 4, '2018-10-30 23:46:57', '2018-10-30 23:46:57'),
(47, 70, 'Halie Goyette', '227', 5, '2018-10-30 23:46:57', '2018-10-30 23:46:57'),
(48, 143, 'Ms. Della Crona', '543', 3, '2018-10-30 23:46:57', '2018-10-30 23:46:57'),
(49, 83, 'Connor Terry', '864', 3, '2018-10-30 23:46:57', '2018-10-30 23:46:57'),
(50, 174, 'Lisa Price', '688', 4, '2018-10-30 23:46:57', '2018-10-30 23:46:57'),
(51, 135, 'Ruthie Mitchell DDS', '144', 4, '2018-10-30 23:46:57', '2018-10-30 23:46:57'),
(52, 149, 'Samir Will', '721', 4, '2018-10-30 23:46:57', '2018-10-30 23:46:57'),
(53, 79, 'Chauncey Bauch', '182', 2, '2018-10-30 23:46:57', '2018-10-30 23:46:57'),
(54, 72, 'Myrna Wolff', '261', 0, '2018-10-30 23:46:57', '2018-10-30 23:46:57'),
(55, 173, 'Dr. Roberto Funk', '418', 2, '2018-10-30 23:46:57', '2018-10-30 23:46:57'),
(56, 150, 'Hettie Jones', '684', 5, '2018-10-30 23:46:57', '2018-10-30 23:46:57'),
(57, 174, 'Eriberto Zemlak', '695', 2, '2018-10-30 23:46:57', '2018-10-30 23:46:57'),
(58, 79, 'Verna Kemmer MD', '926', 4, '2018-10-30 23:46:57', '2018-10-30 23:46:57'),
(59, 164, 'Kurtis Dickens', '142', 5, '2018-10-30 23:46:57', '2018-10-30 23:46:57'),
(60, 35, 'Bethany Greenholt', '368', 0, '2018-10-30 23:46:57', '2018-10-30 23:46:57'),
(61, 116, 'Shayna Bauch DDS', '527', 0, '2018-10-30 23:46:58', '2018-10-30 23:46:58'),
(62, 148, 'Evelyn Kuhic', '955', 2, '2018-10-30 23:46:58', '2018-10-30 23:46:58'),
(63, 168, 'Maymie Windler', '769', 5, '2018-10-30 23:46:58', '2018-10-30 23:46:58'),
(64, 112, 'Mireille Greenholt', '733', 4, '2018-10-30 23:46:58', '2018-10-30 23:46:58'),
(65, 19, 'Mrs. Nova Smitham', '784', 2, '2018-10-30 23:46:58', '2018-10-30 23:46:58'),
(66, 192, 'Alia Walsh', '644', 4, '2018-10-30 23:46:58', '2018-10-30 23:46:58'),
(67, 172, 'Demetris Ratke', '648', 2, '2018-10-30 23:46:58', '2018-10-30 23:46:58'),
(68, 141, 'Prof. Macie Streich', '301', 0, '2018-10-30 23:46:58', '2018-10-30 23:46:58'),
(69, 184, 'Ashlynn Bartoletti', '549', 2, '2018-10-30 23:46:58', '2018-10-30 23:46:58'),
(70, 190, 'Rachelle Smitham DVM', '786', 1, '2018-10-30 23:46:58', '2018-10-30 23:46:58'),
(71, 77, 'Jeanie Ward', '308', 2, '2018-10-30 23:46:58', '2018-10-30 23:46:58'),
(72, 128, 'Dr. Christian Hamill', '200', 0, '2018-10-30 23:46:58', '2018-10-30 23:46:58'),
(73, 56, 'Santina Gleichner', '435', 1, '2018-10-30 23:46:58', '2018-10-30 23:46:58'),
(74, 102, 'Katarina Reilly', '511', 2, '2018-10-30 23:46:58', '2018-10-30 23:46:58'),
(75, 195, 'Scarlett Ward PhD', '263', 5, '2018-10-30 23:46:58', '2018-10-30 23:46:58'),
(76, 181, 'Prof. Electa Dickens', '982', 5, '2018-10-30 23:46:58', '2018-10-30 23:46:58'),
(77, 148, 'Karine Blanda', '562', 4, '2018-10-30 23:46:58', '2018-10-30 23:46:58'),
(78, 185, 'Jaylen Bernier', '708', 1, '2018-10-30 23:46:58', '2018-10-30 23:46:58'),
(79, 169, 'Mr. Brady Bashirian I', '934', 3, '2018-10-30 23:46:58', '2018-10-30 23:46:58'),
(80, 67, 'Norris Mohr', '160', 2, '2018-10-30 23:46:58', '2018-10-30 23:46:58'),
(81, 178, 'Elaina Streich', '489', 5, '2018-10-30 23:46:58', '2018-10-30 23:46:58'),
(82, 70, 'Alf Cole', '153', 0, '2018-10-30 23:46:58', '2018-10-30 23:46:58'),
(83, 14, 'Prof. Kraig Moen', '861', 3, '2018-10-30 23:46:58', '2018-10-30 23:46:58'),
(84, 181, 'Dewayne White', '320', 5, '2018-10-30 23:46:58', '2018-10-30 23:46:58'),
(85, 140, 'Dr. Davonte Kunde Sr.', '461', 2, '2018-10-30 23:46:58', '2018-10-30 23:46:58'),
(86, 32, 'Oswald Okuneva', '728', 5, '2018-10-30 23:46:58', '2018-10-30 23:46:58'),
(87, 113, 'Evelyn Pollich II', '886', 2, '2018-10-30 23:46:58', '2018-10-30 23:46:58'),
(88, 139, 'Mrs. Kaelyn Armstrong V', '547', 1, '2018-10-30 23:46:58', '2018-10-30 23:46:58'),
(89, 84, 'Torrey Gislason DVM', '327', 4, '2018-10-30 23:46:58', '2018-10-30 23:46:58'),
(90, 184, 'Tyrel Mayer', '297', 1, '2018-10-30 23:46:58', '2018-10-30 23:46:58'),
(91, 188, 'Antonetta Zieme', '482', 3, '2018-10-30 23:46:58', '2018-10-30 23:46:58'),
(92, 110, 'Kelton Swaniawski', '724', 0, '2018-10-30 23:46:58', '2018-10-30 23:46:58'),
(93, 61, 'Elyse Runolfsdottir', '660', 5, '2018-10-30 23:46:58', '2018-10-30 23:46:58'),
(94, 126, 'Liliana Kirlin', '691', 0, '2018-10-30 23:46:58', '2018-10-30 23:46:58'),
(95, 17, 'Twila Bergstrom', '832', 1, '2018-10-30 23:46:58', '2018-10-30 23:46:58'),
(96, 24, 'Mariana Lockman', '988', 2, '2018-10-30 23:46:59', '2018-10-30 23:46:59'),
(97, 18, 'Olaf Vandervort', '705', 0, '2018-10-30 23:46:59', '2018-10-30 23:46:59'),
(98, 17, 'Thomas Daniel III', '489', 3, '2018-10-30 23:46:59', '2018-10-30 23:46:59'),
(99, 6, 'Larue Purdy', '861', 5, '2018-10-30 23:46:59', '2018-10-30 23:46:59'),
(100, 165, 'Dr. Judge Medhurst V', '765', 5, '2018-10-30 23:46:59', '2018-10-30 23:46:59'),
(101, 89, 'Lavonne Jones', '477', 3, '2018-10-30 23:46:59', '2018-10-30 23:46:59'),
(102, 133, 'Terrance Champlin PhD', '743', 4, '2018-10-30 23:46:59', '2018-10-30 23:46:59'),
(103, 95, 'Alvina Dicki', '930', 4, '2018-10-30 23:46:59', '2018-10-30 23:46:59'),
(104, 173, 'Zella Satterfield', '268', 4, '2018-10-30 23:46:59', '2018-10-30 23:46:59'),
(105, 172, 'Mr. Paul Reichel I', '152', 3, '2018-10-30 23:46:59', '2018-10-30 23:46:59'),
(106, 10, 'April Nader', '633', 2, '2018-10-30 23:46:59', '2018-10-30 23:46:59'),
(107, 96, 'Miss Bethany Kulas', '703', 0, '2018-10-30 23:46:59', '2018-10-30 23:46:59'),
(108, 48, 'Vicky Hodkiewicz DDS', '325', 5, '2018-10-30 23:46:59', '2018-10-30 23:46:59'),
(109, 140, 'Herbert Crooks', '705', 3, '2018-10-30 23:46:59', '2018-10-30 23:46:59'),
(110, 92, 'Prof. Travon Thompson', '425', 4, '2018-10-30 23:46:59', '2018-10-30 23:46:59'),
(111, 2, 'Franz Hamill', '718', 5, '2018-10-30 23:46:59', '2018-10-30 23:46:59'),
(112, 54, 'Reta Cremin', '443', 4, '2018-10-30 23:46:59', '2018-10-30 23:46:59'),
(113, 128, 'Brennan Cormier', '900', 0, '2018-10-30 23:46:59', '2018-10-30 23:46:59'),
(114, 30, 'Christiana Walsh', '557', 3, '2018-10-30 23:46:59', '2018-10-30 23:46:59'),
(115, 162, 'Mr. Alexys Schinner II', '144', 1, '2018-10-30 23:46:59', '2018-10-30 23:46:59'),
(116, 66, 'Mohammed Fadel', '336', 5, '2018-10-30 23:46:59', '2018-10-30 23:46:59'),
(117, 127, 'Jasper Will', '867', 1, '2018-10-30 23:46:59', '2018-10-30 23:46:59'),
(118, 9, 'Prof. Brannon McGlynn', '966', 2, '2018-10-30 23:46:59', '2018-10-30 23:46:59'),
(119, 54, 'Miss Earlene Gusikowski', '828', 3, '2018-10-30 23:46:59', '2018-10-30 23:46:59'),
(120, 43, 'Scarlett Little', '298', 3, '2018-10-30 23:46:59', '2018-10-30 23:46:59'),
(121, 73, 'Bulah Maggio', '610', 1, '2018-10-30 23:46:59', '2018-10-30 23:46:59'),
(122, 127, 'Sebastian Ankunding', '948', 2, '2018-10-30 23:46:59', '2018-10-30 23:46:59'),
(123, 24, 'Jeremy Donnelly', '780', 5, '2018-10-30 23:46:59', '2018-10-30 23:46:59'),
(124, 80, 'Mrs. Krystel Schuster', '769', 5, '2018-10-30 23:46:59', '2018-10-30 23:46:59'),
(125, 62, 'Keegan Ebert IV', '372', 1, '2018-10-30 23:46:59', '2018-10-30 23:46:59'),
(126, 153, 'Dr. Dulce Flatley IV', '974', 2, '2018-10-30 23:46:59', '2018-10-30 23:46:59'),
(127, 37, 'Cathryn Nienow', '973', 4, '2018-10-30 23:46:59', '2018-10-30 23:46:59'),
(128, 123, 'Fay Pfannerstill', '886', 0, '2018-10-30 23:46:59', '2018-10-30 23:46:59'),
(129, 166, 'Jarred Rempel', '693', 2, '2018-10-30 23:46:59', '2018-10-30 23:46:59'),
(130, 161, 'Alia Rice', '221', 2, '2018-10-30 23:46:59', '2018-10-30 23:46:59'),
(131, 49, 'Miss Ashlynn Sanford', '454', 5, '2018-10-30 23:46:59', '2018-10-30 23:46:59'),
(132, 47, 'Casey Torphy III', '284', 3, '2018-10-30 23:46:59', '2018-10-30 23:46:59'),
(133, 36, 'Everardo Emard', '244', 1, '2018-10-30 23:47:00', '2018-10-30 23:47:00'),
(134, 24, 'Prof. Royce Streich DDS', '294', 3, '2018-10-30 23:47:00', '2018-10-30 23:47:00'),
(135, 29, 'Dr. Chaim Swift', '787', 5, '2018-10-30 23:47:00', '2018-10-30 23:47:00'),
(136, 147, 'Tyler Kuhic IV', '816', 0, '2018-10-30 23:47:00', '2018-10-30 23:47:00'),
(137, 13, 'Abbie Kunze', '450', 3, '2018-10-30 23:47:00', '2018-10-30 23:47:00'),
(138, 174, 'Kimberly Hahn', '337', 5, '2018-10-30 23:47:00', '2018-10-30 23:47:00'),
(139, 72, 'Ms. Rhianna Lowe', '218', 3, '2018-10-30 23:47:00', '2018-10-30 23:47:00'),
(140, 32, 'Tatum Skiles', '466', 2, '2018-10-30 23:47:00', '2018-10-30 23:47:00'),
(141, 77, 'Sydnee Satterfield', '652', 1, '2018-10-30 23:47:00', '2018-10-30 23:47:00'),
(142, 109, 'Mariano Hane', '544', 3, '2018-10-30 23:47:00', '2018-10-30 23:47:00'),
(143, 98, 'Evangeline Murray', '369', 5, '2018-10-30 23:47:00', '2018-10-30 23:47:00'),
(144, 56, 'Davon Mann', '298', 5, '2018-10-30 23:47:00', '2018-10-30 23:47:00'),
(145, 25, 'Alanna Ryan II', '866', 5, '2018-10-30 23:47:00', '2018-10-30 23:47:00'),
(146, 182, 'Brenda Huel', '191', 5, '2018-10-30 23:47:00', '2018-10-30 23:47:00'),
(147, 122, 'Arnold Turcotte', '165', 5, '2018-10-30 23:47:00', '2018-10-30 23:47:00'),
(148, 137, 'Braulio Lowe', '180', 1, '2018-10-30 23:47:00', '2018-10-30 23:47:00'),
(149, 162, 'Lazaro Veum', '757', 1, '2018-10-30 23:47:00', '2018-10-30 23:47:00'),
(150, 22, 'Zoila Becker', '750', 0, '2018-10-30 23:47:00', '2018-10-30 23:47:00'),
(151, 69, 'Noelia Morissette', '812', 0, '2018-10-30 23:47:00', '2018-10-30 23:47:00'),
(152, 71, 'Prof. Freddie Wiegand DVM', '323', 2, '2018-10-30 23:47:00', '2018-10-30 23:47:00'),
(153, 95, 'Carson Klein Jr.', '323', 1, '2018-10-30 23:47:00', '2018-10-30 23:47:00'),
(154, 73, 'Mathilde Skiles II', '479', 2, '2018-10-30 23:47:00', '2018-10-30 23:47:00'),
(155, 114, 'Tanner Purdy V', '345', 0, '2018-10-30 23:47:00', '2018-10-30 23:47:00'),
(156, 38, 'Toni Kilback', '242', 1, '2018-10-30 23:47:00', '2018-10-30 23:47:00'),
(157, 169, 'Addison Little', '857', 4, '2018-10-30 23:47:00', '2018-10-30 23:47:00'),
(158, 98, 'Maude Smith', '950', 5, '2018-10-30 23:47:00', '2018-10-30 23:47:00'),
(159, 190, 'Prof. Rosalia Romaguera MD', '815', 2, '2018-10-30 23:47:00', '2018-10-30 23:47:00'),
(160, 99, 'Melyssa Bergstrom DDS', '667', 0, '2018-10-30 23:47:00', '2018-10-30 23:47:00'),
(161, 106, 'Matt Cormier', '751', 2, '2018-10-30 23:47:00', '2018-10-30 23:47:00'),
(162, 149, 'Britney Lowe', '137', 3, '2018-10-30 23:47:00', '2018-10-30 23:47:00'),
(163, 34, 'Aurelie Sawayn', '116', 1, '2018-10-30 23:47:00', '2018-10-30 23:47:00'),
(164, 28, 'Carolina Olson II', '897', 2, '2018-10-30 23:47:00', '2018-10-30 23:47:00'),
(165, 109, 'Hudson Brakus', '179', 5, '2018-10-30 23:47:00', '2018-10-30 23:47:00'),
(166, 145, 'Kassandra Herman', '797', 5, '2018-10-30 23:47:00', '2018-10-30 23:47:00'),
(167, 50, 'Adolphus Deckow', '631', 0, '2018-10-30 23:47:00', '2018-10-30 23:47:00'),
(168, 170, 'Elliott Lueilwitz', '757', 5, '2018-10-30 23:47:00', '2018-10-30 23:47:00'),
(169, 150, 'Nova Eichmann', '839', 1, '2018-10-30 23:47:00', '2018-10-30 23:47:00'),
(170, 193, 'Daron McDermott', '108', 5, '2018-10-30 23:47:00', '2018-10-30 23:47:00'),
(171, 159, 'Dr. Cooper Harvey', '556', 2, '2018-10-30 23:47:01', '2018-10-30 23:47:01'),
(172, 27, 'Mr. Virgil Robel', '796', 4, '2018-10-30 23:47:01', '2018-10-30 23:47:01'),
(173, 167, 'Grayce Hudson III', '246', 2, '2018-10-30 23:47:01', '2018-10-30 23:47:01'),
(174, 194, 'Napoleon Metz', '820', 5, '2018-10-30 23:47:01', '2018-10-30 23:47:01'),
(175, 92, 'Mr. Matteo Zieme', '301', 4, '2018-10-30 23:47:01', '2018-10-30 23:47:01'),
(176, 71, 'Sister Schmidt', '856', 1, '2018-10-30 23:47:01', '2018-10-30 23:47:01'),
(177, 153, 'Elta Muller', '902', 3, '2018-10-30 23:47:01', '2018-10-30 23:47:01'),
(178, 110, 'Roosevelt Farrell', '838', 5, '2018-10-30 23:47:01', '2018-10-30 23:47:01'),
(179, 5, 'Krystal Williamson', '168', 2, '2018-10-30 23:47:01', '2018-10-30 23:47:01'),
(180, 156, 'Francis Stamm PhD', '986', 5, '2018-10-30 23:47:01', '2018-10-30 23:47:01'),
(181, 68, 'Carson Heaney', '235', 0, '2018-10-30 23:47:01', '2018-10-30 23:47:01'),
(182, 190, 'Ms. Katharina Kihn PhD', '423', 2, '2018-10-30 23:47:01', '2018-10-30 23:47:01'),
(183, 158, 'Brianne O\'Connell', '524', 3, '2018-10-30 23:47:01', '2018-10-30 23:47:01'),
(184, 188, 'Gregorio Tromp', '978', 5, '2018-10-30 23:47:01', '2018-10-30 23:47:01'),
(185, 18, 'Prof. Joyce O\'Reilly Sr.', '464', 4, '2018-10-30 23:47:01', '2018-10-30 23:47:01'),
(186, 51, 'Annalise Kovacek', '894', 4, '2018-10-30 23:47:01', '2018-10-30 23:47:01'),
(187, 184, 'Louisa Ledner', '227', 3, '2018-10-30 23:47:01', '2018-10-30 23:47:01'),
(188, 197, 'Stanton Frami', '540', 5, '2018-10-30 23:47:01', '2018-10-30 23:47:01'),
(189, 55, 'Tiana Lueilwitz', '973', 3, '2018-10-30 23:47:01', '2018-10-30 23:47:01'),
(190, 96, 'Carmine White', '539', 2, '2018-10-30 23:47:01', '2018-10-30 23:47:01'),
(191, 93, 'Mrs. Meda Ledner MD', '197', 1, '2018-10-30 23:47:01', '2018-10-30 23:47:01'),
(192, 56, 'Raven Greenfelder', '376', 5, '2018-10-30 23:47:01', '2018-10-30 23:47:01'),
(193, 46, 'Miss Orie Leuschke DVM', '273', 1, '2018-10-30 23:47:01', '2018-10-30 23:47:01'),
(194, 32, 'Kaley Ebert V', '190', 5, '2018-10-30 23:47:01', '2018-10-30 23:47:01'),
(195, 75, 'Jayde Harvey', '723', 0, '2018-10-30 23:47:01', '2018-10-30 23:47:01'),
(196, 142, 'Janessa Howe', '753', 3, '2018-10-30 23:47:01', '2018-10-30 23:47:01'),
(197, 77, 'Dr. Stanley Robel DVM', '657', 5, '2018-10-30 23:47:01', '2018-10-30 23:47:01'),
(198, 35, 'Guiseppe Parker', '889', 1, '2018-10-30 23:47:01', '2018-10-30 23:47:01'),
(199, 123, 'Kenny Erdman', '410', 3, '2018-10-30 23:47:01', '2018-10-30 23:47:01'),
(200, 182, 'Nicole Ledner IV', '812', 0, '2018-10-30 23:47:02', '2018-10-30 23:47:02'),
(201, 114, 'Brooks Gislason V', '108', 3, '2018-10-30 23:47:02', '2018-10-30 23:47:02'),
(202, 72, 'Trent Wilderman', '938', 2, '2018-10-30 23:47:02', '2018-10-30 23:47:02'),
(203, 4, 'Dr. Leatha Ferry I', '475', 3, '2018-10-30 23:47:02', '2018-10-30 23:47:02'),
(204, 120, 'Miss Euna Armstrong', '519', 2, '2018-10-30 23:47:02', '2018-10-30 23:47:02'),
(205, 128, 'Prof. Kaylin Hirthe PhD', '779', 0, '2018-10-30 23:47:02', '2018-10-30 23:47:02'),
(206, 174, 'Johathan Stiedemann', '518', 1, '2018-10-30 23:47:02', '2018-10-30 23:47:02'),
(207, 181, 'Violette Reichert', '429', 5, '2018-10-30 23:47:02', '2018-10-30 23:47:02'),
(208, 71, 'Narciso Smith', '146', 5, '2018-10-30 23:47:02', '2018-10-30 23:47:02'),
(209, 190, 'Albertha Moore', '692', 0, '2018-10-30 23:47:02', '2018-10-30 23:47:02'),
(210, 43, 'Ms. Elissa Fisher V', '621', 4, '2018-10-30 23:47:02', '2018-10-30 23:47:02'),
(211, 81, 'Mrs. Jessica Conn', '407', 4, '2018-10-30 23:47:02', '2018-10-30 23:47:02'),
(212, 60, 'Graciela Batz Sr.', '563', 4, '2018-10-30 23:47:02', '2018-10-30 23:47:02'),
(213, 199, 'Phoebe Metz I', '287', 5, '2018-10-30 23:47:02', '2018-10-30 23:47:02'),
(214, 168, 'Zetta Beahan V', '653', 0, '2018-10-30 23:47:02', '2018-10-30 23:47:02'),
(215, 11, 'Connor Jaskolski', '337', 2, '2018-10-30 23:47:02', '2018-10-30 23:47:02'),
(216, 123, 'Dr. Lavinia Glover', '235', 5, '2018-10-30 23:47:02', '2018-10-30 23:47:02'),
(217, 195, 'Miss Annabell Rippin', '779', 0, '2018-10-30 23:47:02', '2018-10-30 23:47:02'),
(218, 177, 'Delta Fay', '822', 2, '2018-10-30 23:47:02', '2018-10-30 23:47:02'),
(219, 39, 'Jana Wisozk', '812', 4, '2018-10-30 23:47:02', '2018-10-30 23:47:02'),
(220, 20, 'Mrs. Cristal Homenick', '305', 0, '2018-10-30 23:47:02', '2018-10-30 23:47:02'),
(221, 76, 'Alice Bauch', '403', 0, '2018-10-30 23:47:02', '2018-10-30 23:47:02'),
(222, 51, 'Nicolette Kautzer', '724', 3, '2018-10-30 23:47:02', '2018-10-30 23:47:02'),
(223, 73, 'Mrs. Mazie Hane', '480', 0, '2018-10-30 23:47:02', '2018-10-30 23:47:02'),
(224, 28, 'Arvid Cummings', '375', 4, '2018-10-30 23:47:02', '2018-10-30 23:47:02'),
(225, 138, 'Kaelyn Oberbrunner DDS', '132', 0, '2018-10-30 23:47:02', '2018-10-30 23:47:02'),
(226, 195, 'Brandon Stehr', '938', 1, '2018-10-30 23:47:02', '2018-10-30 23:47:02'),
(227, 20, 'Deontae Trantow', '529', 0, '2018-10-30 23:47:02', '2018-10-30 23:47:02'),
(228, 200, 'Morton Hoppe', '857', 1, '2018-10-30 23:47:02', '2018-10-30 23:47:02'),
(229, 138, 'Vincent Cormier DVM', '420', 5, '2018-10-30 23:47:02', '2018-10-30 23:47:02'),
(230, 56, 'Kameron Jacobson', '897', 2, '2018-10-30 23:47:02', '2018-10-30 23:47:02'),
(231, 186, 'Telly Lind', '412', 0, '2018-10-30 23:47:02', '2018-10-30 23:47:02'),
(232, 156, 'Prof. Monroe Batz', '303', 2, '2018-10-30 23:47:02', '2018-10-30 23:47:02'),
(233, 147, 'Miss Joy Stroman V', '267', 4, '2018-10-30 23:47:02', '2018-10-30 23:47:02'),
(234, 35, 'Mossie Koepp', '199', 5, '2018-10-30 23:47:02', '2018-10-30 23:47:02'),
(235, 71, 'Ola O\'Conner', '316', 4, '2018-10-30 23:47:03', '2018-10-30 23:47:03'),
(236, 81, 'Philip Keeling', '296', 4, '2018-10-30 23:47:03', '2018-10-30 23:47:03'),
(237, 69, 'Dr. Cecile Herman', '129', 5, '2018-10-30 23:47:03', '2018-10-30 23:47:03'),
(238, 43, 'Jazlyn Heller', '618', 5, '2018-10-30 23:47:03', '2018-10-30 23:47:03'),
(239, 138, 'Maud Howell', '627', 1, '2018-10-30 23:47:03', '2018-10-30 23:47:03'),
(240, 113, 'Theresia Rempel', '860', 0, '2018-10-30 23:47:03', '2018-10-30 23:47:03'),
(241, 180, 'Dr. Nichole Stiedemann', '645', 5, '2018-10-30 23:47:03', '2018-10-30 23:47:03'),
(242, 127, 'Trever Ernser', '710', 2, '2018-10-30 23:47:03', '2018-10-30 23:47:03'),
(243, 119, 'Caterina Langworth', '416', 5, '2018-10-30 23:47:03', '2018-10-30 23:47:03'),
(244, 59, 'Yasmin Monahan', '586', 4, '2018-10-30 23:47:03', '2018-10-30 23:47:03'),
(245, 102, 'Carlos Considine', '124', 2, '2018-10-30 23:47:03', '2018-10-30 23:47:03'),
(246, 153, 'Gail Brekke', '312', 2, '2018-10-30 23:47:03', '2018-10-30 23:47:03'),
(247, 181, 'Daren Effertz', '144', 0, '2018-10-30 23:47:03', '2018-10-30 23:47:03'),
(248, 88, 'Lia Marvin', '760', 5, '2018-10-30 23:47:03', '2018-10-30 23:47:03'),
(249, 190, 'Eladio Reinger', '210', 2, '2018-10-30 23:47:03', '2018-10-30 23:47:03'),
(250, 118, 'Pierce Koelpin Jr.', '609', 5, '2018-10-30 23:47:03', '2018-10-30 23:47:03'),
(251, 84, 'Novella Metz', '242', 3, '2018-10-30 23:47:03', '2018-10-30 23:47:03'),
(252, 145, 'Dr. Jesse Zemlak V', '312', 4, '2018-10-30 23:47:03', '2018-10-30 23:47:03'),
(253, 61, 'Adriana Hodkiewicz', '626', 2, '2018-10-30 23:47:03', '2018-10-30 23:47:03'),
(254, 85, 'Whitney Hagenes', '501', 3, '2018-10-30 23:47:03', '2018-10-30 23:47:03'),
(255, 129, 'Prof. Juwan Heller', '818', 5, '2018-10-30 23:47:03', '2018-10-30 23:47:03'),
(256, 142, 'Maudie Buckridge', '165', 4, '2018-10-30 23:47:03', '2018-10-30 23:47:03'),
(257, 18, 'Prof. Nichole Hirthe II', '152', 1, '2018-10-30 23:47:03', '2018-10-30 23:47:03'),
(258, 12, 'Dax Botsford', '201', 0, '2018-10-30 23:47:03', '2018-10-30 23:47:03'),
(259, 58, 'Lucio Braun', '637', 1, '2018-10-30 23:47:03', '2018-10-30 23:47:03'),
(260, 77, 'Iliana Graham', '469', 1, '2018-10-30 23:47:03', '2018-10-30 23:47:03'),
(261, 16, 'Aletha Mayer II', '146', 0, '2018-10-30 23:47:03', '2018-10-30 23:47:03'),
(262, 124, 'Carmela Lemke', '806', 3, '2018-10-30 23:47:03', '2018-10-30 23:47:03'),
(263, 106, 'Jessyca Mosciski', '322', 2, '2018-10-30 23:47:03', '2018-10-30 23:47:03'),
(264, 121, 'Zula Sanford', '393', 0, '2018-10-30 23:47:03', '2018-10-30 23:47:03'),
(265, 159, 'Kaleigh Hauck', '661', 0, '2018-10-30 23:47:03', '2018-10-30 23:47:03'),
(266, 49, 'Mrs. Breanna Donnelly', '245', 4, '2018-10-30 23:47:03', '2018-10-30 23:47:03'),
(267, 97, 'Rico Champlin Sr.', '602', 2, '2018-10-30 23:47:03', '2018-10-30 23:47:03'),
(268, 37, 'Miss Novella Morissette II', '500', 4, '2018-10-30 23:47:03', '2018-10-30 23:47:03'),
(269, 94, 'Maxime Hodkiewicz V', '143', 4, '2018-10-30 23:47:03', '2018-10-30 23:47:03'),
(270, 103, 'Eleonore Beahan', '720', 3, '2018-10-30 23:47:03', '2018-10-30 23:47:03'),
(271, 159, 'Hal Berge IV', '933', 0, '2018-10-30 23:47:03', '2018-10-30 23:47:03'),
(272, 89, 'Estelle Walter', '888', 4, '2018-10-30 23:47:04', '2018-10-30 23:47:04'),
(273, 162, 'Mrs. Brooke Nitzsche IV', '224', 0, '2018-10-30 23:47:04', '2018-10-30 23:47:04'),
(274, 86, 'Cora Howe', '574', 5, '2018-10-30 23:47:04', '2018-10-30 23:47:04'),
(275, 54, 'Jovan Turcotte Jr.', '207', 5, '2018-10-30 23:47:04', '2018-10-30 23:47:04'),
(276, 8, 'Sim Bauch IV', '814', 4, '2018-10-30 23:47:04', '2018-10-30 23:47:04'),
(277, 190, 'Prof. Percy Frami V', '422', 0, '2018-10-30 23:47:04', '2018-10-30 23:47:04'),
(278, 53, 'Doyle Larkin', '205', 2, '2018-10-30 23:47:04', '2018-10-30 23:47:04'),
(279, 181, 'Clay Ondricka', '917', 1, '2018-10-30 23:47:04', '2018-10-30 23:47:04'),
(280, 65, 'Mr. Eldon Maggio', '830', 5, '2018-10-30 23:47:04', '2018-10-30 23:47:04'),
(281, 174, 'Abby Senger', '817', 2, '2018-10-30 23:47:04', '2018-10-30 23:47:04'),
(282, 189, 'Katelin Boyer III', '269', 2, '2018-10-30 23:47:04', '2018-10-30 23:47:04'),
(283, 110, 'Deangelo Kuphal PhD', '486', 4, '2018-10-30 23:47:04', '2018-10-30 23:47:04'),
(284, 67, 'Dr. Eino Weimann', '562', 1, '2018-10-30 23:47:04', '2018-10-30 23:47:04'),
(285, 134, 'Abdullah Gerlach', '750', 1, '2018-10-30 23:47:04', '2018-10-30 23:47:04'),
(286, 90, 'Herta Reynolds', '512', 4, '2018-10-30 23:47:04', '2018-10-30 23:47:04'),
(287, 182, 'Margarita Durgan', '578', 1, '2018-10-30 23:47:04', '2018-10-30 23:47:04'),
(288, 8, 'Michelle Dare', '366', 5, '2018-10-30 23:47:04', '2018-10-30 23:47:04'),
(289, 120, 'Nya Hammes', '734', 4, '2018-10-30 23:47:04', '2018-10-30 23:47:04'),
(290, 135, 'Herminia Cole', '152', 3, '2018-10-30 23:47:04', '2018-10-30 23:47:04'),
(291, 169, 'Clint Emmerich', '454', 1, '2018-10-30 23:47:04', '2018-10-30 23:47:04'),
(292, 92, 'Prof. Brian Gleason I', '692', 2, '2018-10-30 23:47:04', '2018-10-30 23:47:04'),
(293, 116, 'Jaleel Shields', '157', 2, '2018-10-30 23:47:04', '2018-10-30 23:47:04'),
(294, 40, 'Prof. Oswald Shanahan II', '397', 1, '2018-10-30 23:47:04', '2018-10-30 23:47:04'),
(295, 162, 'Dr. Emma Towne', '457', 5, '2018-10-30 23:47:04', '2018-10-30 23:47:04'),
(296, 31, 'Akeem Upton IV', '937', 4, '2018-10-30 23:47:04', '2018-10-30 23:47:04'),
(297, 163, 'Ms. Asha Grimes', '453', 5, '2018-10-30 23:47:04', '2018-10-30 23:47:04'),
(298, 130, 'Linnie Crist', '338', 3, '2018-10-30 23:47:04', '2018-10-30 23:47:04'),
(299, 134, 'Malcolm Pollich', '489', 0, '2018-10-30 23:47:04', '2018-10-30 23:47:04'),
(300, 35, 'Nicola Daugherty', '153', 4, '2018-10-30 23:47:04', '2018-10-30 23:47:04'),
(301, 97, 'Imogene Metz', '541', 0, '2018-10-30 23:47:04', '2018-10-30 23:47:04'),
(302, 96, 'Eulalia Padberg V', '633', 1, '2018-10-30 23:47:04', '2018-10-30 23:47:04');

-- --------------------------------------------------------

--
-- Table structure for table `users`
--

CREATE TABLE `users` (
  `id` int(10) UNSIGNED NOT NULL,
  `name` varchar(191) COLLATE utf8mb4_unicode_ci NOT NULL,
  `email` varchar(191) COLLATE utf8mb4_unicode_ci NOT NULL,
  `email_verified_at` timestamp NULL DEFAULT NULL,
  `password` varchar(191) COLLATE utf8mb4_unicode_ci NOT NULL,
  `remember_token` varchar(100) COLLATE utf8mb4_unicode_ci DEFAULT NULL,
  `created_at` timestamp NULL DEFAULT NULL,
  `updated_at` timestamp NULL DEFAULT NULL
) ENGINE=InnoDB DEFAULT CHARSET=utf8mb4 COLLATE=utf8mb4_unicode_ci;

--
-- Indexes for dumped tables
--

--
-- Indexes for table `migrations`
--
ALTER TABLE `migrations`
  ADD PRIMARY KEY (`id`);

--
-- Indexes for table `password_resets`
--
ALTER TABLE `password_resets`
  ADD KEY `password_resets_email_index` (`email`);

--
-- Indexes for table `products`
--
ALTER TABLE `products`
  ADD PRIMARY KEY (`id`);

--
-- Indexes for table `reviews`
--
ALTER TABLE `reviews`
  ADD PRIMARY KEY (`id`),
  ADD KEY `reviews_product_id_index` (`product_id`);

--
-- Indexes for table `users`
--
ALTER TABLE `users`
  ADD PRIMARY KEY (`id`),
  ADD UNIQUE KEY `users_email_unique` (`email`);

--
-- AUTO_INCREMENT for dumped tables
--

--
-- AUTO_INCREMENT for table `migrations`
--
ALTER TABLE `migrations`
  MODIFY `id` int(10) UNSIGNED NOT NULL AUTO_INCREMENT, AUTO_INCREMENT=5;

--
-- AUTO_INCREMENT for table `products`
--
ALTER TABLE `products`
  MODIFY `id` int(10) UNSIGNED NOT NULL AUTO_INCREMENT, AUTO_INCREMENT=201;

--
-- AUTO_INCREMENT for table `reviews`
--
ALTER TABLE `reviews`
  MODIFY `id` int(10) UNSIGNED NOT NULL AUTO_INCREMENT, AUTO_INCREMENT=303;

--
-- AUTO_INCREMENT for table `users`
--
ALTER TABLE `users`
  MODIFY `id` int(10) UNSIGNED NOT NULL AUTO_INCREMENT;

--
-- Constraints for dumped tables
--

--
-- Constraints for table `reviews`
--
ALTER TABLE `reviews`
  ADD CONSTRAINT `reviews_product_id_foreign` FOREIGN KEY (`product_id`) REFERENCES `products` (`id`) ON DELETE CASCADE;
COMMIT;

/*!40101 SET CHARACTER_SET_CLIENT=@OLD_CHARACTER_SET_CLIENT */;
/*!40101 SET CHARACTER_SET_RESULTS=@OLD_CHARACTER_SET_RESULTS */;
/*!40101 SET COLLATION_CONNECTION=@OLD_COLLATION_CONNECTION */;
